Player ID,Player Name,Team Name,Year,Matches,Not Outs,Runs,Highest Score,Average,Balls Faced,Strike Rate,Hundreds,Fifties,Fours,Sixes,Catches,Stumpings
5443,Ruturaj Gaikwad,CSK,Career,65,8,2380,108*,42.50,1738,136.94,2,18,217,91,36,0
5443,Ruturaj Gaikwad,CSK,2024,13,3,583,108*,58.30,412,141.50,1,4,58,18,5,0
5443,Ruturaj Gaikwad,CSK,2023,16,1,590,92,42.14,400,147.50,0,4,46,30,17,0
5443,Ruturaj Gaikwad,CSK,2022,14,0,368,99,26.29,291,126.46,0,3,33,14,4,0
5443,Ruturaj Gaikwad,CSK,2021,16,2,635,101*,45.35,466,136.26,1,4,64,23,6,0
5443,Ruturaj Gaikwad,CSK,2020,6,2,204,72,51.00,169,120.71,0,3,16,6,4,0
20572,Devon Conway,CSK,Career,23,3,924,92*,48.63,654,141.28,0,9,99,30,8,0
20572,Devon Conway,CSK,2023,16,2,672,92*,51.69,481,139.71,0,6,77,18,6,0
20572,Devon Conway,CSK,2022,7,1,252,87,42.00,173,145.66,0,3,22,12,2,0
1,MS Dhoni,CSK,Career,263,95,5218,84*,39.23,3799,137.35,0,24,360,251,150,42
1,MS Dhoni,CSK,2024,13,8,136,37*,68.00,60,226.67,0,0,11,12,8,0
1,MS Dhoni,CSK,2023,16,8,104,32*,26.00,57,182.46,0,0,3,10,7,3
1,MS Dhoni,CSK,2022,14,6,232,50*,33.14,188,123.40,0,1,21,10,9,0
1,MS Dhoni,CSK,2021,16,4,114,18*,16.28,107,106.54,0,0,12,3,13,0
1,MS Dhoni,CSK,2020,14,4,200,47*,25.00,172,116.27,0,0,16,7,15,1
1,MS Dhoni,CSK,2019,15,7,416,84*,83.20,309,134.62,0,3,22,23,11,5
1,MS Dhoni,CSK,2018,16,9,455,79*,75.83,302,150.66,0,3,24,30,11,3
1,MS Dhoni,CSK,2017,16,4,290,61*,26.36,250,116.00,0,1,15,16,10,3
1,MS Dhoni,CSK,2016,14,5,284,64*,40.57,210,135.23,0,1,18,14,8,4
1,MS Dhoni,CSK,2015,17,5,372,53,31.00,305,121.96,0,1,27,17,8,3
1,MS Dhoni,CSK,2014,16,10,371,57*,74.20,250,148.40,0,1,22,20,3,1
1,MS Dhoni,CSK,2013,18,5,461,67*,41.90,283,162.89,0,4,32,25,15,2
1,MS Dhoni,CSK,2012,19,5,358,51*,29.83,278,128.77,0,1,26,9,12,2
1,MS Dhoni,CSK,2011,16,4,392,70*,43.55,247,158.70,0,2,25,23,5,5
1,MS Dhoni,CSK,2010,13,2,287,66*,31.88,210,136.66,0,2,26,8,5,6
1,MS Dhoni,CSK,2009,14,5,332,58*,41.50,261,127.20,0,2,22,9,4,4
1,MS Dhoni,CSK,2008,16,4,414,65,41.40,310,133.54,0,2,38,15,6,0
135,Ajinkya Rahane,CSK,Career,184,17,4609,105*,30.12,3739,123.27,2,30,475,102,71,0
135,Ajinkya Rahane,CSK,2024,12,0,209,45,19.00,174,120.11,0,0,20,6,1,0
135,Ajinkya Rahane,CSK,2023,14,1,326,71*,32.60,189,172.49,0,2,24,16,8,0
135,Ajinkya Rahane,CSK,2022,7,0,133,44,19.00,128,103.91,0,0,14,4,3,0
135,Ajinkya Rahane,CSK,2021,2,0,8,8,8.00,8,100.00,0,0,1,0,0,0
135,Ajinkya Rahane,CSK,2020,9,0,113,60,14.12,107,105.60,0,1,12,2,4,0
135,Ajinkya Rahane,CSK,2019,14,1,393,105*,32.75,285,137.89,1,1,45,9,5,0
135,Ajinkya Rahane,CSK,2018,15,1,370,65*,28.46,313,118.21,0,1,39,5,4,0
135,Ajinkya Rahane,CSK,2017,16,1,382,60,25.46,323,118.26,0,2,35,9,7,0
135,Ajinkya Rahane,CSK,2016,14,3,480,74,43.63,379,126.64,0,6,54,9,7,0
135,Ajinkya Rahane,CSK,2015,14,2,540,91*,49.09,413,130.75,0,4,53,13,3,0
135,Ajinkya Rahane,CSK,2014,13,0,339,72,28.25,291,116.49,0,3,38,3,6,0
135,Ajinkya Rahane,CSK,2013,18,4,488,68*,34.85,458,106.55,0,4,42,11,10,0
135,Ajinkya Rahane,CSK,2012,16,2,560,103*,40.00,433,129.33,1,3,73,10,11,0
135,Ajinkya Rahane,CSK,2011,10,1,120,52,20.00,98,122.44,0,1,12,2,1,0
135,Ajinkya Rahane,CSK,2009,8,1,144,62*,24.00,123,117.07,0,2,12,3,1,0
135,Ajinkya Rahane,CSK,2008,2,0,4,4,2.00,17,23.52,0,0,1,0,0,0
5612,Shaik Rasheed,CSK,-,-,-,-,-,-,-,-,-,-,-,-,-,-
20689,Sameer Rizvi,CSK,Career,8,1,51,21,12.75,43,118.60,0,0,4,2,4,0
20689,Sameer Rizvi,CSK,2024,8,1,51,21,12.75,43,118.60,0,0,4,2,4,0
20715,Avanish Rao Aravelly,CSK,-,-,-,-,-,-,-,-,-,-,-,-,-,-
9,Ravindra Jadeja,CSK,Career,239,75,2917,62*,27.01,2259,129.13,0,3,212,104,103,0
9,Ravindra Jadeja,CSK,2024,13,4,225,57*,37.50,165,136.36,0,1,19,5,6,0
9,Ravindra Jadeja,CSK,2023,16,4,190,25*,23.75,133,142.86,0,0,11,9,9,0
9,Ravindra Jadeja,CSK,2022,10,4,116,26*,19.33,98,118.37,0,0,6,5,7,0
9,Ravindra Jadeja,CSK,2021,16,9,227,62*,75.66,156,145.51,0,1,19,9,13,0
9,Ravindra Jadeja,CSK,2020,14,6,232,50,46.40,135,171.85,0,1,22,11,5,0
9,Ravindra Jadeja,CSK,2019,16,6,106,31*,35.33,88,120.45,0,0,7,4,9,0
9,Ravindra Jadeja,CSK,2018,16,5,89,27*,17.80,74,120.27,0,0,3,4,11,0
9,Ravindra Jadeja,CSK,2017,12,6,158,28,39.50,113,139.82,0,0,13,4,2,0
9,Ravindra Jadeja,CSK,2016,15,6,191,36*,21.22,178,107.30,0,0,14,4,4,0
9,Ravindra Jadeja,CSK,2015,17,5,132,24,18.85,126,104.76,0,0,7,3,13,0
9,Ravindra Jadeja,CSK,2014,16,5,146,36*,29.20,110,132.72,0,0,9,5,4,0
9,Ravindra Jadeja,CSK,2013,18,6,201,38*,25.12,135,148.88,0,0,17,6,6,0
9,Ravindra Jadeja,CSK,2012,19,2,191,48,15.91,151,126.49,0,0,13,9,2,0
9,Ravindra Jadeja,CSK,2011,14,3,283,47,31.44,228,124.12,0,0,20,14,1,0
9,Ravindra Jadeja,CSK,2009,13,2,295,42,26.81,266,110.90,0,0,21,6,4,0
9,Ravindra Jadeja,CSK,2008,14,2,135,36*,19.28,103,131.06,0,0,11,6,7,0
1903,Mitchell Santner,CSK,Career,17,5,67,22,13.40,67,100.00,0,0,4,3,6,0
1903,Mitchell Santner,CSK,2024,2,0,11,11,5.50,13,84.62,0,0,1,0,1,0
1903,Mitchell Santner,CSK,2023,3,2,2,1*,-,4,50.00,0,0,0,0,1,0
1903,Mitchell Santner,CSK,2022,6,2,22,11,11.00,27,81.48,0,0,3,0,2,0
1903,Mitchell Santner,CSK,2020,2,0,0,0,0.00,0,0.00,0,0,0,0,1,0
1903,Mitchell Santner,CSK,2019,4,1,32,22,32.00,23,139.13,0,0,0,3,1,0
1735,Moeen Ali,CSK,Career,67,6,1162,93,22.78,821,141.53,0,6,95,67,22,0
1735,Moeen Ali,CSK,2024,8,0,128,56,25.60,98,130.61,0,1,7,8,2,0
1735,Moeen Ali,CSK,2023,15,3,124,23,17.71,91,136.26,0,0,12,6,4,0
1735,Moeen Ali,CSK,2022,10,0,244,93,24.40,177,137.85,0,1,24,11,5,0
1735,Moeen Ali,CSK,2021,15,1,357,58,25.50,260,137.30,0,1,31,19,7,0
1735,Moeen Ali,CSK,2020,3,0,12,11,4.00,16,75.00,0,0,1,0,1,0
1735,Moeen Ali,CSK,2019,11,2,220,66,27.50,133,165.41,0,2,16,17,1,0
1735,Moeen Ali,CSK,2018,5,0,77,65,19.25,46,167.39,0,1,4,6,2,0
5431,Shivam Dube,CSK,Career,64,11,1495,95*,30.51,1009,148.17,0,9,86,101,19,0
5431,Shivam Dube,CSK,2024,13,3,389,66*,38.90,229,169.87,0,3,28,28,2,0
5431,Shivam Dube,CSK,2023,16,3,418,52,38.00,264,158.33,0,3,12,35,6,0
5431,Shivam Dube,CSK,2022,11,1,289,95*,28.90,185,156.22,0,2,22,16,6,0
5431,Shivam Dube,CSK,2021,9,1,230,64*,28.75,193,119.17,0,1,18,10,2,0
5431,Shivam Dube,CSK,2020,11,2,129,27*,18.42,105,122.85,0,0,5,9,2,0
5431,Shivam Dube,CSK,2019,4,1,40,24,13.33,33,121.21,0,0,1,3,1,0
5615,Nishant Sindhu,CSK,-,-,-,-,-,-,-,-,-,-,-,-,-,-
5811,Ajay Mandal,CSK,-,-,-,-,-,-,-,-,-,-,-,-,-,-
20684,Rachin Ravindra,CSK,Career,9,0,161,46,17.89,101,159.41,0,0,17,9,8,0
20684,Rachin Ravindra,CSK,2024,9,0,161,46,17.89,101,159.41,0,0,17,9,8,0
1745,Shardul Thakur,CSK,Career,94,11,306,68,12.24,219,139.73,0,1,27,13,32,0
1745,Shardul Thakur,CSK,2024,8,1,20,17,20.00,15,133.33,0,0,2,1,4,0
1745,Shardul Thakur,CSK,2023,11,2,113,68,14.13,70,161.43,0,1,13,4,4,0
1745,Shardul Thakur,CSK,2022,14,2,120,29*,15.00,87,137.93,0,0,7,7,7,0
1745,Shardul Thakur,CSK,2021,16,2,5,3*,2.50,5,100.00,0,0,0,0,2,0
1745,Shardul Thakur,CSK,2020,9,1,12,11,12.00,21,57.14,0,0,0,0,2,0
1745,Shardul Thakur,CSK,2019,10,1,14,12*,7.00,7,200.00,0,0,1,1,5,0
1745,Shardul Thakur,CSK,2018,13,1,15,15*,0.00,5,300.00,0,0,3,0,4,0
1745,Shardul Thakur,CSK,2017,12,0,0,0*,0.00,3,0.00,0,0,0,0,4,0
1745,Shardul Thakur,CSK,2015,1,1,7,7*,0.00,6,116.66,0,0,1,0,0,0
20617,Daryl Mitchell,CSK,Career,14,2,347,63,28.92,261,132.95,0,2,28,10,9,0
20617,Daryl Mitchell,CSK,2024,12,2,314,63,31.40,217,144.70,0,2,27,10,7,0
20617,Daryl Mitchell,CSK,2022,2,0,33,17,16.50,44,75.00,0,0,1,0,2,0
20730,Richard Gleeson,CSK,Career,2,1,2,2*,-,2,100.00,0,0,0,0,0,0
20730,Richard Gleeson,CSK,2024,2,1,2,2*,-,2,100.00,0,0,0,0,0,0
20571,Rajvardhan Hangargekar,CSK,Career,2,0,0,0,-,,-,0,0,0,0,0,0
20571,Rajvardhan Hangargekar,CSK,2023,2,0,0,0,-,,-,0,0,0,0,0,0
140,Deepak Chahar,CSK,Career,81,6,80,39,11.43,59,135.59,0,0,2,6,13,0
140,Deepak Chahar,CSK,2024,8,0,0,0,-,,-,0,0,0,0,0,0
140,Deepak Chahar,CSK,2023,10,1,1,1*,-,2,50.00,0,0,0,0,1,0
140,Deepak Chahar,CSK,2021,15,2,1,1*,0.00,1,100.00,0,0,0,0,5,0
140,Deepak Chahar,CSK,2020,14,2,7,5*,7.00,12,58.33,0,0,0,0,3,0
140,Deepak Chahar,CSK,2019,17,0,7,7,3.50,9,77.77,0,0,1,0,2,0
140,Deepak Chahar,CSK,2018,12,1,50,39,16.66,29,172.41,0,0,1,4,1,0
140,Deepak Chahar,CSK,2017,3,0,14,14,14.00,6,233.33,0,0,0,2,0,0
140,Deepak Chahar,CSK,2016,2,0,0,0,0.00,0,0.00,0,0,0,0,1,0
20570,Maheesh Theekshana,CSK,Career,26,1,7,7*,7.00,7,100.00,0,0,0,1,4,0
20570,Maheesh Theekshana,CSK,2024,4,0,0,0,-,,-,0,0,0,0,1,0
20570,Maheesh Theekshana,CSK,2023,13,0,0,0,-,,-,0,0,0,0,3,0
20570,Maheesh Theekshana,CSK,2022,9,1,7,7*,7.00,7,100.00,0,0,0,1,0,0
20575,Mukesh Choudhary,CSK,Career,14,1,6,4,6.00,6,100.00,0,0,1,0,3,0
20575,Mukesh Choudhary,CSK,2024,1,0,0,0,-,,-,0,0,0,0,0,0
20575,Mukesh Choudhary,CSK,2022,13,1,6,4,6.00,6,100.00,0,0,1,0,3,0
1594,Mustafizur Rahman,CSK,Career,57,8,13,8*,13.00,23,56.52,0,0,0,1,7,0
1594,Mustafizur Rahman,CSK,2024,9,0,0,0,-,,-,0,0,0,0,1,0
1594,Mustafizur Rahman,CSK,2023,2,1,1,1*,-,1,100.00,0,0,0,0,0,0
1594,Mustafizur Rahman,CSK,2022,8,1,3,3*,-,5,60.00,0,0,0,0,1,0
1594,Mustafizur Rahman,CSK,2021,14,5,8,8*,0.00,14,57.14,0,0,0,1,1,0
1594,Mustafizur Rahman,CSK,2018,7,1,1,1,1.00,3,33.33,0,0,0,0,2,0
1594,Mustafizur Rahman,CSK,2017,1,0,0,0,0.00,0,0.00,0,0,0,0,0,0
1594,Mustafizur Rahman,CSK,2016,16,0,0,0,0.00,0,0.00,0,0,0,0,2,0
20576,Prashant Solanki,CSK,Career,2,0,0,0,-,,-,0,0,0,0,0,0
20576,Prashant Solanki,CSK,2022,2,0,0,0,-,,-,0,0,0,0,0,0
10789,Simarjeet Singh,CSK,Career,9,2,7,3*,7.00,8,87.50,0,0,0,0,3,0
10789,Simarjeet Singh,CSK,2024,3,0,0,0,-,,-,0,0,0,0,2,0
10789,Simarjeet Singh,CSK,2022,6,2,7,3*,7.00,8,87.50,0,0,0,0,1,0
3257,Tushar Deshpande,CSK,Career,35,3,21,20*,21.00,14,150.00,0,0,2,1,6,0
3257,Tushar Deshpande,CSK,2024,12,1,0,0*,-,1,0.00,0,0,0,0,2,0
3257,Tushar Deshpande,CSK,2023,16,1,0,0*,-,1,0.00,0,0,0,0,2,0
3257,Tushar Deshpande,CSK,2022,2,0,0,0,-,,-,0,0,0,0,1,0
3257,Tushar Deshpande,CSK,2020,5,1,21,20*,21.00,12,175.00,0,0,2,1,1,0
20627,Matheesha Pathirana,CSK,Career,20,0,0,0,-,,-,0,0,0,0,6,0
20627,Matheesha Pathirana,CSK,2024,6,0,0,0,-,,-,0,0,0,0,1,0
20627,Matheesha Pathirana,CSK,2023,12,0,0,0,-,,-,0,0,0,0,4,0
20627,Matheesha Pathirana,CSK,2022,2,0,0,0,-,,-,0,0,0,0,1,0
258,Sanju Samson,RR,Career,165,19,4392,119,30.93,3156,139.16,3,25,351,205,82,16
258,Sanju Samson,RR,2024,13,4,504,86,56.00,322,156.52,0,5,47,23,6,1
258,Sanju Samson,RR,2023,14,2,362,66*,30.17,236,153.39,0,3,25,24,3,3
258,Sanju Samson,RR,2022,17,1,458,55,28.63,312,146.79,0,2,43,26,14,2
258,Sanju Samson,RR,2021,14,2,484,119,40.33,354,136.72,1,2,45,17,7,4
258,Sanju Samson,RR,2020,14,1,375,85,28.84,236,158.89,0,3,21,26,9,2
258,Sanju Samson,RR,2019,12,2,342,102*,34.20,230,148.69,1,0,28,13,4,1
258,Sanju Samson,RR,2018,15,1,441,92*,31.50,320,137.81,0,3,30,19,5,0
258,Sanju Samson,RR,2017,14,0,386,102,27.57,273,141.39,1,2,32,19,4,0
258,Sanju Samson,RR,2016,14,3,291,60,26.45,259,112.35,0,1,20,8,3,1
258,Sanju Samson,RR,2015,14,1,204,76,20.40,163,125.15,0,1,16,8,9,0
258,Sanju Samson,RR,2014,13,0,339,74,26.07,273,124.17,0,2,25,17,5,2
258,Sanju Samson,RR,2013,11,2,206,63,25.75,178,115.73,0,1,19,5,13,0
509,Jos Buttler,RR,Career,107,12,3582,124,38.11,2428,147.53,7,19,355,161,55,1
509,Jos Buttler,RR,2024,11,2,359,107*,39.89,255,140.78,2,0,36,12,3,0
509,Jos Buttler,RR,2023,14,0,392,95,28.00,282,139.01,0,4,42,14,9,0
509,Jos Buttler,RR,2022,17,2,863,116,57.53,579,149.05,4,4,83,45,9,0
509,Jos Buttler,RR,2021,7,0,254,124,36.28,166,153.01,1,0,27,13,3,0
509,Jos Buttler,RR,2020,13,2,328,70*,32.80,227,144.49,0,2,27,16,6,0
509,Jos Buttler,RR,2019,8,0,311,89,38.87,205,151.70,0,3,38,14,8,0
509,Jos Buttler,RR,2018,13,3,548,95*,54.80,353,155.24,0,5,52,21,9,1
509,Jos Buttler,RR,2017,10,0,272,77,27.20,177,153.67,0,1,27,15,1,0
509,Jos Buttler,RR,2016,14,3,255,41,23.18,184,138.58,0,0,23,11,7,0
1705,Shimron Hetmyer,RR,Career,70,26,1214,75,31.95,788,154.06,0,4,73,81,32,0
1705,Shimron Hetmyer,RR,2024,10,4,83,27*,27.67,45,184.44,0,0,6,6,4,0
1705,Shimron Hetmyer,RR,2023,14,5,300,56*,37.50,197,152.28,0,1,12,23,11,0
1705,Shimron Hetmyer,RR,2022,15,8,314,59*,44.86,204,153.92,0,1,21,21,3,0
1705,Shimron Hetmyer,RR,2021,14,6,242,53*,34.57,144,168.05,0,1,19,12,4,0
1705,Shimron Hetmyer,RR,2020,12,3,185,45,23.12,125,148.00,0,0,11,12,7,0
1705,Shimron Hetmyer,RR,2019,5,0,90,75,18.00,73,123.28,0,1,4,7,3,0
13538,Yashasvi Jaiswal,RR,Career,50,2,1520,124,31.67,1016,149.61,2,9,186,61,17,0
13538,Yashasvi Jaiswal,RR,2024,13,1,348,104*,29.00,228,152.63,1,1,42,13,3,0
13538,Yashasvi Jaiswal,RR,2023,14,1,625,124,48.08,382,163.61,1,5,82,26,8,0
13538,Yashasvi Jaiswal,RR,2022,10,0,258,68,25.80,194,132.99,0,2,28,10,2,0
13538,Yashasvi Jaiswal,RR,2021,10,0,249,50,24.90,168,148.21,0,1,32,10,3,0
13538,Yashasvi Jaiswal,RR,2020,3,0,40,34,13.33,44,90.90,0,0,2,2,1,0
20620,Dhruv Jurel,RR,Career,25,6,283,52*,20.21,186,152.15,0,1,21,14,10,0
20620,Dhruv Jurel,RR,2024,12,2,131,52*,18.71,98,133.67,0,1,10,5,9,0
20620,Dhruv Jurel,RR,2023,13,4,152,34*,21.71,88,172.73,0,0,11,9,1,0
4445,Riyan Parag,RR,Career,67,10,1131,84*,24.59,832,135.94,0,6,82,58,36,0
4445,Riyan Parag,RR,2024,13,3,531,84*,59.00,348,152.59,0,4,38,31,6,0
4445,Riyan Parag,RR,2023,7,1,78,20,13.00,66,118.18,0,0,4,5,1,0
4445,Riyan Parag,RR,2022,17,3,183,56*,16.64,132,138.64,0,1,11,10,17,0
4445,Riyan Parag,RR,2021,11,2,93,25,11.62,83,112.04,0,0,6,4,6,0
4445,Riyan Parag,RR,2020,12,1,86,42*,12.28,77,111.68,0,0,6,3,1,0
4445,Riyan Parag,RR,2019,7,0,160,50,32.00,126,126.98,0,1,17,5,5,0
5763,Kunal Rathore,RR,-,-,-,-,-,-,-,-,-,-,-,-,-,-
5652,Donovan Ferreira,RR,Career,2,0,8,7,4.00,11,72.73,0,0,0,0,1,0
5652,Donovan Ferreira,RR,2024,2,0,8,7,4.00,11,72.73,0,0,0,0,1,0
3333,Rovman Powell,RR,Career,24,2,338,67*,18.78,224,150.89,0,1,19,27,14,0
3333,Rovman Powell,RR,2024,7,0,81,27,16.20,48,168.75,0,0,8,5,4,0
3333,Rovman Powell,RR,2023,3,0,7,4,2.33,9,77.78,0,0,1,0,0,0
3333,Rovman Powell,RR,2022,14,2,250,67*,25.00,167,149.70,0,1,10,22,10,0
20688,Shubham Dubey,RR,Career,4,1,33,25,16.50,19,173.68,0,0,3,2,0,0
20688,Shubham Dubey,RR,2024,4,1,33,25,16.50,19,173.68,0,0,3,2,0,0
20697,Tom Kohler-Cadmore,RR,Career,1,0,18,18,18.00,23,78.26,0,0,2,1,0,0
20697,Tom Kohler-Cadmore,RR,2024,1,0,18,18,18.00,23,78.26,0,0,2,1,0,0
8,Ravichandran Ashwin,RR,Career,209,33,800,50,13.56,672,119.05,0,1,61,28,47,0
8,Ravichandran Ashwin,RR,2024,12,2,86,29,17.20,71,121.13,0,0,5,4,4,0
8,Ravichandran Ashwin,RR,2023,13,4,67,30,11.17,51,131.37,0,0,5,3,1,0
8,Ravichandran Ashwin,RR,2022,17,5,191,50,27.29,135,141.48,0,1,14,9,5,0
8,Ravichandran Ashwin,RR,2021,13,2,44,20*,14.66,42,104.76,0,0,2,1,3,0
8,Ravichandran Ashwin,RR,2020,15,3,37,14*,12.33,34,108.82,0,0,3,1,2,0
8,Ravichandran Ashwin,RR,2019,14,1,42,17*,8.40,28,150.00,0,0,3,3,4,0
8,Ravichandran Ashwin,RR,2018,14,1,102,45,12.75,71,143.66,0,0,7,5,5,0
8,Ravichandran Ashwin,RR,2016,14,4,41,29,20.50,38,107.89,0,0,3,1,3,0
8,Ravichandran Ashwin,RR,2015,14,3,52,23,17.33,32,162.50,0,0,6,1,3,0
8,Ravichandran Ashwin,RR,2014,16,3,45,14,15.00,45,100.00,0,0,4,0,1,0
8,Ravichandran Ashwin,RR,2013,18,1,35,11*,8.75,49,71.42,0,0,4,0,4,0
8,Ravichandran Ashwin,RR,2012,19,2,18,8,6.00,15,120.00,0,0,2,0,5,0
8,Ravichandran Ashwin,RR,2011,16,0,2,2,1.00,6,33.33,0,0,0,0,4,0
8,Ravichandran Ashwin,RR,2010,12,2,30,11*,7.50,40,75.00,0,0,2,0,1,0
8,Ravichandran Ashwin,RR,2009,2,0,8,8,8.00,15,53.33,0,0,1,0,2,0
20722,Tanush Kotian,RR,Career,1,0,24,24,24.00,31,77.42,0,0,3,0,0,0
20722,Tanush Kotian,RR,2024,1,0,24,24,24.00,31,77.42,0,0,3,0,0,0
20713,Abid Mushtaq,RR,-,-,-,-,-,-,-,-,-,-,-,-,-,-
1561,Avesh Khan,RR,Career,60,9,41,12,41.00,25,164.00,0,0,3,3,11,0
1561,Avesh Khan,RR,2024,13,3,10,7*,-,5,200.00,0,0,1,0,2,0
1561,Avesh Khan,RR,2023,9,1,0,0*,-,1,0.00,0,0,0,0,2,0
1561,Avesh Khan,RR,2022,13,3,22,12,22.00,13,169.23,0,0,0,3,2,0
1561,Avesh Khan,RR,2021,16,1,5,5*,0.00,3,166.66,0,0,1,0,1,0
1561,Avesh Khan,RR,2020,1,0,0,0,0.00,0,0.00,0,0,0,0,0,0
1561,Avesh Khan,RR,2019,1,1,4,4*,0.00,3,133.33,0,0,1,0,1,0
1561,Avesh Khan,RR,2018,6,0,0,0,0.00,0,0.00,0,0,0,0,3,0
1561,Avesh Khan,RR,2017,1,0,0,0,0.00,0,0.00,0,0,0,0,0,0
20616,Kuldeep Sen,RR,Career,12,1,0,0*,-,3,0.00,0,0,0,0,4,0
20616,Kuldeep Sen,RR,2024,3,0,0,0,-,,-,0,0,0,0,1,0
20616,Kuldeep Sen,RR,2023,2,0,0,0,-,,-,0,0,0,0,0,0
20616,Kuldeep Sen,RR,2022,7,1,0,0*,-,3,0.00,0,0,0,0,3,0
3824,Navdeep Saini,RR,Career,32,3,33,12*,8.25,37,89.19,0,0,3,0,8,0
3824,Navdeep Saini,RR,2023,2,0,0,0,-,,-,0,0,0,0,0,0
3824,Navdeep Saini,RR,2022,2,0,2,2,2.00,2,100.00,0,0,0,0,2,0
3824,Navdeep Saini,RR,2021,2,0,2,2,2.00,4,50.00,0,0,0,0,1,0
3824,Navdeep Saini,RR,2020,13,2,27,12*,27.00,27,100.00,0,0,3,0,2,0
3824,Navdeep Saini,RR,2019,13,1,2,2,2.00,4,50.00,0,0,0,0,3,0
20726,Keshav Maharaj,RR,Career,2,0,1,1,1.00,2,50.00,0,0,0,0,1,0
20726,Keshav Maharaj,RR,2024,2,0,1,1,1.00,2,50.00,0,0,0,0,1,0
1112,Sandeep Sharma,RR,Career,124,21,54,9,9.00,69,78.26,0,0,4,0,21,0
1112,Sandeep Sharma,RR,2024,8,0,0,0,-,,-,0,0,0,0,3,0
1112,Sandeep Sharma,RR,2023,12,2,2,2*,-,6,33.33,0,0,0,0,4,0
1112,Sandeep Sharma,RR,2022,5,0,0,0,-,,-,0,0,0,0,2,0
1112,Sandeep Sharma,RR,2021,7,1,8,8*,8.00,7,114.28,0,0,1,0,1,0
1112,Sandeep Sharma,RR,2020,13,3,12,9,6.00,15,80.00,0,0,1,0,0,0
1112,Sandeep Sharma,RR,2019,11,2,6,5*,0.00,3,200.00,0,0,1,0,1,0
1112,Sandeep Sharma,RR,2018,12,1,0,0*,0.00,4,0.00,0,0,0,0,2,0
1112,Sandeep Sharma,RR,2017,13,4,7,5*,0.00,6,116.66,0,0,0,0,3,0
1112,Sandeep Sharma,RR,2016,14,4,8,5*,0.00,9,88.88,0,0,0,0,2,0
1112,Sandeep Sharma,RR,2015,14,2,9,7,9.00,14,64.28,0,0,1,0,2,0
1112,Sandeep Sharma,RR,2014,11,1,2,2*,0.00,5,40.00,0,0,0,0,1,0
1112,Sandeep Sharma,RR,2013,4,1,0,0,0.00,0,0.00,0,0,0,0,0,0
969,Trent Boult,RR,Career,101,18,83,17*,10.38,75,110.67,0,0,5,3,34,0
969,Trent Boult,RR,2024,13,2,14,12,7.00,13,107.69,0,0,2,0,4,0
969,Trent Boult,RR,2023,10,3,16,15,16.00,14,114.29,0,0,1,1,5,0
969,Trent Boult,RR,2022,16,6,40,17*,20.00,29,137.93,0,0,2,1,2,0
969,Trent Boult,RR,2021,14,4,1,1*,0.00,4,25.00,0,0,0,0,5,0
969,Trent Boult,RR,2020,15,0,0,0*,0.00,1,0.00,0,0,0,0,4,0
969,Trent Boult,RR,2019,5,2,7,6,7.00,4,175.00,0,0,0,1,2,0
969,Trent Boult,RR,2018,14,0,0,0*,0.00,2,0.00,0,0,0,0,9,0
969,Trent Boult,RR,2017,6,1,5,5*,0.00,8,62.50,0,0,0,0,0,0
969,Trent Boult,RR,2016,1,0,0,0,0.00,0,0.00,0,0,0,0,1,0
969,Trent Boult,RR,2015,7,0,0,0,0.00,0,0.00,0,0,0,0,2,0
111,Yuzvendra Chahal,RR,Career,158,13,37,8*,5.29,86,43.02,0,0,0,0,27,0
111,Yuzvendra Chahal,RR,2024,13,0,0,0,-,,-,0,0,0,0,2,0
111,Yuzvendra Chahal,RR,2023,14,0,0,0,-,,-,0,0,0,0,1,0
111,Yuzvendra Chahal,RR,2022,17,1,5,5,5.00,8,62.50,0,0,0,0,0,0
111,Yuzvendra Chahal,RR,2021,15,2,10,8*,0.00,27,37.03,0,0,0,0,4,0
111,Yuzvendra Chahal,RR,2020,15,1,1,1,1.00,3,33.33,0,0,0,0,1,0
111,Yuzvendra Chahal,RR,2019,14,1,6,4,3.00,16,37.50,0,0,0,0,3,0
111,Yuzvendra Chahal,RR,2018,14,1,0,0*,0.00,4,0.00,0,0,0,0,2,0
111,Yuzvendra Chahal,RR,2017,13,3,13,4*,4.33,26,50.00,0,0,0,0,3,0
111,Yuzvendra Chahal,RR,2016,13,0,0,0,0.00,0,0.00,0,0,0,0,4,0
111,Yuzvendra Chahal,RR,2015,15,2,1,1*,0.00,1,100.00,0,0,0,0,4,0
111,Yuzvendra Chahal,RR,2014,14,2,1,1*,0.00,1,100.00,0,0,0,0,3,0
111,Yuzvendra Chahal,RR,2013,1,0,0,0,0.00,0,0.00,0,0,0,0,0,0
20716,Nandre Burger,RR,Career,5,0,0,0,-,,-,0,0,0,0,2,0
20716,Nandre Burger,RR,2024,5,0,0,0,-,,-,0,0,0,0,2,0
24,Faf du Plessis,RCB,Career,143,11,4500,96,36.00,3299,136.40,0,36,416,162,78,0
24,Faf du Plessis,RCB,2024,13,0,367,64,28.23,218,168.35,0,3,42,17,5,0
24,Faf du Plessis,RCB,2023,14,1,730,84,56.15,475,153.68,0,8,60,36,3,0
24,Faf du Plessis,RCB,2022,16,1,468,96,31.20,367,127.52,0,3,49,13,4,0
24,Faf du Plessis,RCB,2021,16,2,633,95*,45.21,458,138.20,0,6,60,23,12,0
24,Faf du Plessis,RCB,2020,13,2,449,87*,40.81,319,140.75,0,4,42,14,12,0
24,Faf du Plessis,RCB,2019,12,1,396,96,36.00,321,123.36,0,3,36,15,12,0
24,Faf du Plessis,RCB,2018,6,1,162,67*,32.40,129,125.58,0,1,17,6,1,0
24,Faf du Plessis,RCB,2017,2,0,8,8,8.00,7,114.28,0,0,1,0,0,0
24,Faf du Plessis,RCB,2016,6,0,206,69,34.33,162,127.16,0,2,17,9,4,0
24,Faf du Plessis,RCB,2015,17,2,380,55,29.23,304,125.00,0,1,37,5,8,0
24,Faf du Plessis,RCB,2014,15,1,303,54*,27.54,235,128.93,0,2,26,7,13,0
24,Faf du Plessis,RCB,2012,13,0,398,73,33.16,304,130.92,0,3,29,17,4,0
5471,Rajat Patidar,RCB,Career,25,1,724,112*,34.48,458,158.08,1,7,47,48,8,0
5471,Rajat Patidar,RCB,2024,13,0,320,55,29.09,178,179.78,0,5,17,27,3,0
5471,Rajat Patidar,RCB,2022,8,1,333,112*,55.50,218,152.75,1,2,27,18,4,0
5471,Rajat Patidar,RCB,2021,4,0,71,31,17.75,62,114.51,0,0,3,3,1,0
164,Virat Kohli,RCB,Career,250,37,7924,113,38.65,6012,131.80,8,55,699,267,114,0
164,Virat Kohli,RCB,2024,13,3,661,113*,66.10,426,155.16,1,5,56,33,7,0
164,Virat Kohli,RCB,2023,14,2,639,101*,53.25,457,139.82,2,6,65,16,13,0
164,Virat Kohli,RCB,2022,16,1,341,73,22.73,294,115.99,0,2,32,8,9,0
164,Virat Kohli,RCB,2021,15,1,405,72*,28.92,339,119.46,0,3,43,9,8,0
164,Virat Kohli,RCB,2020,15,4,466,90*,42.36,384,121.35,0,3,23,11,3,0
164,Virat Kohli,RCB,2019,14,0,464,100,33.14,328,141.46,1,2,46,13,5,0
164,Virat Kohli,RCB,2018,14,3,530,92*,48.18,381,139.10,0,4,52,18,8,0
164,Virat Kohli,RCB,2017,10,0,308,64,30.80,252,122.22,0,4,23,11,6,0
164,Virat Kohli,RCB,2016,16,4,973,113,81.08,640,152.03,4,7,83,38,6,0
164,Virat Kohli,RCB,2015,16,5,505,82*,45.90,386,130.82,0,3,35,23,7,0
164,Virat Kohli,RCB,2014,14,1,359,73,27.61,294,122.10,0,2,23,16,7,0
164,Virat Kohli,RCB,2013,16,2,634,99,45.28,457,138.73,0,6,64,22,7,0
164,Virat Kohli,RCB,2012,16,2,364,73*,28.00,326,111.65,0,2,33,9,7,0
164,Virat Kohli,RCB,2011,16,4,557,71,46.41,460,121.08,0,4,55,16,7,0
164,Virat Kohli,RCB,2010,16,2,307,58,27.90,212,144.81,0,1,26,12,3,0
164,Virat Kohli,RCB,2009,16,2,246,50,22.36,219,112.32,0,1,22,8,9,0
164,Virat Kohli,RCB,2008,13,1,165,38,15.00,157,105.09,0,0,18,4,2,0
10788,Anuj Rawat,RCB,Career,24,5,318,66,19.88,267,119.10,0,1,26,14,17,0
10788,Anuj Rawat,RCB,2024,5,1,98,48,24.50,77,127.27,0,0,10,3,5,0
10788,Anuj Rawat,RCB,2023,9,4,91,29*,30.33,71,128.17,0,0,6,4,3,0
10788,Anuj Rawat,RCB,2022,8,0,129,66,16.13,118,109.32,0,1,10,7,6,0
10788,Anuj Rawat,RCB,2021,2,0,0,0*,0.00,1,0.00,0,0,0,0,3,0
102,Dinesh Karthik,RCB,Career,255,50,4817,97*,26.47,3558,135.39,0,22,464,160,144,36
102,Dinesh Karthik,RCB,2024,13,4,301,83,43.00,155,194.19,0,2,25,21,3,0
102,Dinesh Karthik,RCB,2023,13,1,140,30,11.67,104,134.62,0,0,13,5,8,2
102,Dinesh Karthik,RCB,2022,16,10,330,66*,55.00,180,183.33,0,1,27,22,10,2
102,Dinesh Karthik,RCB,2021,17,5,223,40,22.30,170,131.17,0,0,22,7,5,2
102,Dinesh Karthik,RCB,2020,14,2,169,58,14.08,134,126.11,0,1,20,4,9,0
102,Dinesh Karthik,RCB,2019,14,5,253,97*,31.62,173,146.24,0,2,22,14,7,0
102,Dinesh Karthik,RCB,2018,16,6,498,52,49.80,337,147.77,0,2,49,16,14,4
102,Dinesh Karthik,RCB,2017,14,3,361,65,36.10,259,139.38,0,2,30,11,8,0
102,Dinesh Karthik,RCB,2016,16,2,335,53,25.76,266,125.93,0,3,38,3,11,3
102,Dinesh Karthik,RCB,2015,16,0,141,28,12.81,117,120.51,0,0,15,4,14,4
102,Dinesh Karthik,RCB,2014,14,0,325,69,23.21,258,125.96,0,3,28,11,7,2
102,Dinesh Karthik,RCB,2013,19,1,510,86,28.33,411,124.08,0,2,54,14,12,2
102,Dinesh Karthik,RCB,2012,17,1,238,44,18.30,213,111.73,0,0,30,2,5,2
102,Dinesh Karthik,RCB,2011,14,2,282,69,25.63,220,128.18,0,1,32,7,7,0
102,Dinesh Karthik,RCB,2010,14,1,278,69,21.38,237,117.29,0,1,26,6,6,6
102,Dinesh Karthik,RCB,2009,15,5,288,52,36.00,217,132.72,0,1,20,9,12,5
102,Dinesh Karthik,RCB,2008,13,2,145,56*,24.16,107,135.51,0,1,13,4,6,2
7002,Suyash S Prabhudessai,RCB,Career,11,0,126,34,12.60,106,118.87,0,0,11,4,10,0
7002,Suyash S Prabhudessai,RCB,2024,1,0,24,24,24.00,18,133.33,0,0,3,0,0,0
7002,Suyash S Prabhudessai,RCB,2023,5,0,35,19,8.75,29,120.69,0,0,1,2,5,0
7002,Suyash S Prabhudessai,RCB,2022,5,0,67,34,13.40,59,113.56,0,0,7,2,5,0
5629,Will Jacks,RCB,Career,8,1,230,100*,32.86,131,175.57,1,1,16,18,3,0
5629,Will Jacks,RCB,2024,8,1,230,100*,32.86,131,175.57,1,1,16,18,3,0
20718,Saurav Chuahan,RCB,Career,3,0,18,9,6.00,15,120.00,0,0,1,1,0,0
20718,Saurav Chuahan,RCB,2024,3,0,18,9,6.00,15,120.00,0,0,1,1,0,0
282,Glenn Maxwell,RCB,Career,132,17,2755,95,25.05,1762,156.36,0,18,230,159,47,0
282,Glenn Maxwell,RCB,2024,8,0,36,28,5.14,37,97.30,0,0,4,1,3,0
282,Glenn Maxwell,RCB,2023,14,2,400,77,33.33,218,183.49,0,5,29,31,4,0
282,Glenn Maxwell,RCB,2022,13,2,301,55,27.36,178,169.10,0,1,31,15,5,0
282,Glenn Maxwell,RCB,2021,15,2,513,78,42.75,356,144.10,0,6,48,21,5,0
282,Glenn Maxwell,RCB,2020,13,4,108,32,15.42,106,101.88,0,0,9,0,4,0
282,Glenn Maxwell,RCB,2018,12,0,169,47,14.08,120,140.83,0,0,14,9,4,0
282,Glenn Maxwell,RCB,2017,14,3,310,47,31.00,179,173.18,0,0,19,26,7,0
282,Glenn Maxwell,RCB,2016,11,2,179,68,19.88,124,144.35,0,2,14,8,3,0
282,Glenn Maxwell,RCB,2015,11,0,145,43,13.18,112,129.46,0,0,13,8,2,0
282,Glenn Maxwell,RCB,2014,16,0,552,95,34.50,294,187.75,0,4,48,36,9,0
282,Glenn Maxwell,RCB,2013,3,1,36,23,18.00,27,133.33,0,0,1,4,1,0
282,Glenn Maxwell,RCB,2012,2,1,6,3*,6.00,11,54.54,0,0,0,0,0,0
2970,Mahipal Lomror,RCB,Career,38,5,495,54*,17.68,355,139.44,0,1,31,28,10,0
2970,Mahipal Lomror,RCB,2024,8,1,93,33,13.29,50,186.00,0,0,7,7,3,0
2970,Mahipal Lomror,RCB,2023,12,2,135,54*,16.88,97,139.18,0,1,9,8,4,0
2970,Mahipal Lomror,RCB,2022,7,0,86,42,17.20,57,150.88,0,0,7,4,2,0
2970,Mahipal Lomror,RCB,2021,4,1,94,43,31.33,73,128.76,0,0,3,6,0,0
2970,Mahipal Lomror,RCB,2020,3,0,59,47,19.66,54,109.25,0,0,2,3,0,0
2970,Mahipal Lomror,RCB,2019,2,0,8,8,8.00,3,266.66,0,0,2,0,1,0
2970,Mahipal Lomror,RCB,2018,2,1,20,11,20.00,21,95.23,0,0,1,0,0,0
1118,Karn Sharma,RCB,Career,82,15,345,39*,14.38,287,120.21,0,0,19,17,20,0
1118,Karn Sharma,RCB,2024,7,0,26,20,13.00,11,236.36,0,0,1,3,6,0
1118,Karn Sharma,RCB,2023,7,0,3,2,1.50,5,60.00,0,0,0,0,0,0
1118,Karn Sharma,RCB,2020,5,0,0,0,0.00,0,0.00,0,0,0,0,0,0
1118,Karn Sharma,RCB,2019,1,0,0,0,0.00,0,0.00,0,0,0,0,0,0
1118,Karn Sharma,RCB,2018,6,1,0,0,0.00,0,0.00,0,0,0,0,3,0
1118,Karn Sharma,RCB,2017,9,0,49,19,8.16,41,119.51,0,0,5,2,3,0
1118,Karn Sharma,RCB,2016,5,3,36,26*,0.00,30,120.00,0,0,3,1,0,0
1118,Karn Sharma,RCB,2015,14,3,104,32,17.33,85,122.35,0,0,3,6,4,0
1118,Karn Sharma,RCB,2014,14,4,42,17*,10.50,29,144.82,0,0,1,3,0,0
1118,Karn Sharma,RCB,2013,13,3,85,39*,21.25,86,98.83,0,0,6,2,4,0
1118,Karn Sharma,RCB,2009,1,1,0,0,0.00,0,0.00,0,0,0,0,0,0
5602,Cameron Green,RCB,Career,27,10,642,100*,40.13,422,152.13,1,2,57,28,10,0
5602,Cameron Green,RCB,2024,11,3,190,46,27.14,140,135.71,0,0,17,6,5,0
5602,Cameron Green,RCB,2023,16,7,452,100*,50.22,282,160.28,1,2,40,22,5,0
3180,Swapnil Singh,RCB,Career,7,3,30,15*,15.00,21,142.86,0,0,3,2,1,0
3180,Swapnil Singh,RCB,2024,5,2,28,15*,14.00,17,164.71,0,0,3,2,1,0
3180,Swapnil Singh,RCB,2023,2,1,2,2*,-,4,50.00,0,0,0,0,0,0
2968,Mayank Dagar,RCB,Career,8,0,0,0,0.00,1,0.00,0,0,0,0,3,0
2968,Mayank Dagar,RCB,2024,5,0,0,0,0.00,1,0.00,0,0,0,0,3,0
2968,Mayank Dagar,RCB,2023,3,0,0,0,-,,-,0,0,0,0,0,0
5645,Manoj Bhandage,RCB,-,-,-,-,-,-,-,-,-,-,-,-,-,-
14800,Akash Deep,RCB,Career,8,1,19,17,9.50,12,158.33,0,0,2,1,3,0
14800,Akash Deep,RCB,2024,1,1,2,2*,-,2,100.00,0,0,0,0,0,0
14800,Akash Deep,RCB,2023,2,0,17,17,17.00,8,212.50,0,0,2,1,1,0
14800,Akash Deep,RCB,2022,5,0,0,0,0.00,2,0.00,0,0,0,0,2,0
3098,Alzarri Joseph,RCB,Career,22,6,27,15*,27.00,32,84.38,0,0,3,0,4,0
3098,Alzarri Joseph,RCB,2024,3,0,0,0,-,,-,0,0,0,0,0,0
3098,Alzarri Joseph,RCB,2023,7,2,7,7*,-,12,58.33,0,0,1,0,2,0
3098,Alzarri Joseph,RCB,2022,9,2,5,4*,5.00,7,71.43,0,0,0,0,1,0
3098,Alzarri Joseph,RCB,2019,3,2,15,15*,0.00,13,115.38,0,0,2,0,1,0
3729,Lockie Ferguson,RCB,Career,43,7,68,24*,22.67,46,147.83,0,0,6,2,8,0
3729,Lockie Ferguson,RCB,2024,5,0,1,1,1.00,1,100.00,0,0,0,0,3,0
3729,Lockie Ferguson,RCB,2023,3,0,0,0,-,,-,0,0,0,0,0,0
3729,Lockie Ferguson,RCB,2022,13,1,5,5,2.50,4,125.00,0,0,1,0,2,0
3729,Lockie Ferguson,RCB,2021,8,3,18,18*,0.00,11,163.63,0,0,1,1,3,0
3729,Lockie Ferguson,RCB,2020,5,2,43,24*,0.00,29,148.27,0,0,4,1,0,0
3729,Lockie Ferguson,RCB,2019,5,0,0,0,0.00,0,0.00,0,0,0,0,0,0
3729,Lockie Ferguson,RCB,2017,4,1,1,1*,0.00,1,100.00,0,0,0,0,0,0
3840,Mohammed Siraj,RCB,Career,91,15,109,14,10.90,119,91.60,0,0,10,4,29,0
3840,Mohammed Siraj,RCB,2024,12,1,12,12,6.00,8,150.00,0,0,0,2,3,0
3840,Mohammed Siraj,RCB,2023,14,1,1,1*,1.00,2,50.00,0,0,0,0,4,0
3840,Mohammed Siraj,RCB,2022,15,3,30,14*,15.00,33,90.91,0,0,5,0,6,0
3840,Mohammed Siraj,RCB,2021,15,3,20,12*,20.00,26,76.92,0,0,1,1,4,0
3840,Mohammed Siraj,RCB,2020,9,2,17,10*,17.00,14,121.42,0,0,2,0,4,0
3840,Mohammed Siraj,RCB,2019,9,3,4,3*,4.00,14,28.57,0,0,0,0,2,0
3840,Mohammed Siraj,RCB,2018,11,2,25,14,12.50,22,113.63,0,0,2,1,5,0
3840,Mohammed Siraj,RCB,2017,6,0,0,0,0.00,0,0.00,0,0,0,0,1,0
20591,Yash Dayal,RCB,Career,26,0,0,0,0.00,1,0.00,0,0,0,0,4,0
20591,Yash Dayal,RCB,2024,12,0,0,0,-,,-,0,0,0,0,2,0
20591,Yash Dayal,RCB,2023,5,0,0,0,-,,-,0,0,0,0,1,0
20591,Yash Dayal,RCB,2022,9,0,0,0,0.00,1,0.00,0,0,0,0,1,0
3646,Tom Curran,RCB,Career,13,5,127,54*,25.40,107,118.69,0,1,10,3,2,0
3646,Tom Curran,RCB,2021,3,1,21,21,21.00,17,123.52,0,0,2,0,0,0
3646,Tom Curran,RCB,2020,5,3,83,54*,83.00,62,133.87,0,1,5,3,1,0
3646,Tom Curran,RCB,2018,5,1,23,18,7.66,28,82.14,0,0,3,0,1,0
5607,Reece Topley,RCB,Career,5,1,3,3*,-,6,50.00,0,0,0,0,1,0
5607,Reece Topley,RCB,2024,4,1,3,3*,-,6,50.00,0,0,0,0,1,0
5607,Reece Topley,RCB,2023,1,0,0,0,-,,-,0,0,0,0,0,0
5628,Himanshu Sharma,RCB,Career,2,0,0,0,-,,-,0,0,0,0,0,0
5628,Himanshu Sharma,RCB,2024,1,0,0,0,-,,-,0,0,0,0,0,0
5628,Himanshu Sharma,RCB,2023,1,0,0,0,-,,-,0,0,0,0,0,0
5657,Rajan Kumar,RCB,-,-,-,-,-,-,-,-,-,-,-,-,-,-
1097,Vyshak Vijay Kumar,RCB,Career,11,2,14,13*,7.00,12,116.67,0,0,0,1,4,0
1097,Vyshak Vijay Kumar,RCB,2024,4,1,1,1*,1.00,3,33.33,0,0,0,0,3,0
1097,Vyshak Vijay Kumar,RCB,2023,7,1,13,13*,13.00,9,144.44,0,0,0,1,1,0
2972,Rishabh Pant,DC,Career,111,17,3284,128*,35.31,2205,148.93,1,18,296,154,75,23
2972,Rishabh Pant,DC,2024,13,2,446,88*,40.55,287,155.40,0,3,36,25,11,5
2972,Rishabh Pant,DC,2022,14,2,340,44,30.91,224,151.79,0,0,35,16,8,4
2972,Rishabh Pant,DC,2021,16,4,419,58*,34.91,326,128.52,0,3,42,10,10,3
2972,Rishabh Pant,DC,2020,14,3,343,56,31.18,301,113.95,0,1,31,9,13,0
2972,Rishabh Pant,DC,2019,16,3,488,78*,37.53,300,162.66,0,3,37,27,18,6
2972,Rishabh Pant,DC,2018,14,1,684,128*,52.61,394,173.60,1,5,68,37,4,2
2972,Rishabh Pant,DC,2017,14,0,366,97,26.14,221,165.61,0,2,28,24,8,3
2972,Rishabh Pant,DC,2016,10,2,198,69,24.75,152,130.26,0,1,19,6,3,0
170,David Warner,DC,Career,184,22,6565,126,40.52,4697,139.77,4,62,663,236,83,0
170,David Warner,DC,2024,8,0,168,52,21.00,125,134.40,0,1,17,10,5,0
170,David Warner,DC,2023,14,0,516,86,36.86,392,131.63,0,6,69,10,7,0
170,David Warner,DC,2022,12,3,432,92*,48.00,287,150.52,0,5,52,15,6,0
170,David Warner,DC,2021,8,0,195,57,24.37,181,107.73,0,2,15,6,2,0
170,David Warner,DC,2020,16,2,548,85*,39.14,407,134.64,0,4,52,14,12,0
170,David Warner,DC,2019,12,2,692,100*,69.20,481,143.86,1,8,57,21,2,0
170,David Warner,DC,2017,14,3,641,126,58.27,452,141.81,1,4,63,26,10,0
170,David Warner,DC,2016,17,3,848,93*,60.57,560,151.42,0,9,88,31,4,0
170,David Warner,DC,2015,14,1,562,91,43.23,359,156.54,0,7,65,21,8,0
170,David Warner,DC,2014,14,3,528,90,48.00,375,140.80,0,6,39,24,8,0
170,David Warner,DC,2013,16,3,410,77,31.53,323,126.93,0,4,41,14,6,0
170,David Warner,DC,2012,8,1,256,109*,36.57,156,164.10,1,1,28,14,1,0
170,David Warner,DC,2011,13,0,324,77,24.92,276,117.39,0,3,34,11,4,0
170,David Warner,DC,2010,11,1,282,107*,28.20,191,147.64,1,1,27,14,8,0
170,David Warner,DC,2009,7,0,163,51,23.29,132,123.48,0,1,16,5,0,0
3764,Prithvi Shaw,DC,Career,79,0,1892,99,23.95,1283,147.47,0,14,238,61,18,0
3764,Prithvi Shaw,DC,2024,8,0,198,66,24.75,121,163.64,0,1,30,5,2,0
3764,Prithvi Shaw,DC,2023,8,0,106,54,13.25,85,124.71,0,1,16,1,1,0
3764,Prithvi Shaw,DC,2022,10,0,283,61,28.30,185,152.97,0,2,37,10,4,0
3764,Prithvi Shaw,DC,2021,15,0,479,82,31.93,301,159.13,0,4,56,18,1,0
3764,Prithvi Shaw,DC,2020,13,0,228,66,17.53,167,136.52,0,2,27,8,4,0
3764,Prithvi Shaw,DC,2019,16,0,353,99,22.06,264,133.71,0,2,45,9,2,0
3764,Prithvi Shaw,DC,2018,9,0,245,65,27.22,160,153.12,0,2,27,10,4,0
20623,Yash Dhull,DC,Career,4,0,16,13,5.33,23,69.57,0,0,1,0,2,0
20623,Yash Dhull,DC,2023,4,0,16,13,5.33,23,69.57,0,0,1,0,2,0
20720,Jake Fraser-McGurk,DC,Career,9,0,330,84,36.67,141,234.04,0,4,32,28,5,0
20720,Jake Fraser-McGurk,DC,2024,9,0,330,84,36.67,141,234.04,0,4,32,28,5,0
20710,Shai Hope,DC,Career,9,1,183,41,22.88,122,150.00,0,0,12,12,6,0
20710,Shai Hope,DC,2024,9,1,183,41,22.88,122,150.00,0,0,12,12,6,0
20711,Swastik Chhikara,DC,-,-,-,-,-,-,-,-,-,-,-,-,-,-
33333,Abishek Porel,DC,Career,18,2,360,65,25.71,236,152.54,0,2,37,15,6,0
33333,Abishek Porel,DC,2024,14,2,327,65,32.70,205,159.51,0,2,36,13,2,0
33333,Abishek Porel,DC,2023,4,0,33,20,8.25,31,106.45,0,0,1,2,4,0
5600,Harry Brook,DC,-,-,-,-,-,-,-,-,-,-,-,-,-,-
1555,Ricky Bhui,DC,Career,4,0,10,7,2.50,26,38.46,0,0,0,0,0,0
1555,Ricky Bhui,DC,2024,2,0,3,3,1.50,9,33.33,0,0,0,0,0,0
1555,Ricky Bhui,DC,2019,1,0,7,7,7.00,12,58.33,0,0,0,0,0,0
1555,Ricky Bhui,DC,2018,1,0,0,0*,0.00,5,0.00,0,0,0,0,0,0
20694,Kumar Kushagra,DC,Career,4,0,3,2,1.00,7,42.86,0,0,0,0,1,0
20694,Kumar Kushagra,DC,2024,4,0,3,2,1.00,7,42.86,0,0,0,0,1,0
20631,Tristan Stubbs,DC,Career,18,6,405,71*,36.82,233,173.82,0,3,26,26,7,0
20631,Tristan Stubbs,DC,2024,14,6,378,71*,54.00,198,190.91,0,3,24,26,7,0
20631,Tristan Stubbs,DC,2023,2,0,25,20,12.50,31,80.65,0,0,2,0,0,0
20631,Tristan Stubbs,DC,2022,2,0,2,2,1.00,4,50.00,0,0,0,0,0,0
1113,Axar Patel,DC,Career,150,36,1653,66,21.47,1263,130.88,0,3,107,79,72,0
1113,Axar Patel,DC,2024,14,4,235,66,29.38,179,131.28,0,2,19,10,13,0
1113,Axar Patel,DC,2023,14,3,283,54,28.30,203,139.41,0,1,21,15,7,0
1113,Axar Patel,DC,2022,13,6,182,42*,45.50,120,151.67,0,0,12,10,8,0
1113,Axar Patel,DC,2021,12,1,40,12,8.00,46,86.95,0,0,2,1,4,0
1113,Axar Patel,DC,2020,15,1,117,42,14.62,85,137.64,0,0,6,8,6,0
1113,Axar Patel,DC,2019,14,6,110,26,18.33,88,125.00,0,0,10,3,9,0
1113,Axar Patel,DC,2018,9,2,80,19,13.33,69,115.94,0,0,3,4,2,0
1113,Axar Patel,DC,2017,14,5,227,44,28.37,162,140.12,0,0,11,11,7,0
1113,Axar Patel,DC,2016,14,3,111,36*,15.85,77,144.15,0,0,4,8,2,0
1113,Axar Patel,DC,2015,14,3,206,40*,22.88,174,118.39,0,0,13,8,7,0
1113,Axar Patel,DC,2014,17,2,62,42*,10.33,60,103.33,0,0,6,1,7,0
6870,Lalit Yadav,DC,Career,27,5,305,48*,19.06,290,105.17,0,0,27,7,16,0
6870,Lalit Yadav,DC,2024,2,0,10,7,5.00,12,83.33,0,0,1,0,0,0
6870,Lalit Yadav,DC,2023,6,1,66,38,13.20,59,111.86,0,0,8,0,5,0
6870,Lalit Yadav,DC,2022,12,1,161,48*,23.00,146,110.27,0,0,11,7,6,0
6870,Lalit Yadav,DC,2021,7,3,68,22*,34.00,73,93.15,0,0,7,0,5,0
221,Mitchell Marsh,DC,Career,42,2,666,89,19.59,521,127.83,0,3,48,38,10,0
221,Mitchell Marsh,DC,2024,4,0,61,23,15.25,38,160.53,0,0,9,3,0,0
221,Mitchell Marsh,DC,2023,9,0,128,63,14.22,97,131.96,0,1,11,7,3,0
221,Mitchell Marsh,DC,2022,8,0,251,89,31.38,189,132.80,0,2,19,14,0,0
221,Mitchell Marsh,DC,2020,1,0,0,0*,0.00,1,0.00,0,0,0,0,0,0
221,Mitchell Marsh,DC,2016,3,0,7,7,7.00,11,63.63,0,0,0,0,0,0
221,Mitchell Marsh,DC,2013,9,1,141,38,20.14,106,132.07,0,0,6,10,7,0
221,Mitchell Marsh,DC,2011,5,1,50,37,25.00,49,102.04,0,0,2,3,0,0
221,Mitchell Marsh,DC,2010,3,0,28,15,14.00,30,93.33,0,0,1,1,0,0
20731,Gulbadin Naib,DC,Career,2,0,19,19,19.00,15,126.67,0,0,1,1,1,0
20731,Gulbadin Naib,DC,2024,2,0,19,19,19.00,15,126.67,0,0,1,1,1,0
20706,Sumit Kumar,DC,Career,4,1,18,9*,9.00,24,75.00,0,0,2,1,1,0
20706,Sumit Kumar,DC,2024,4,1,18,9*,9.00,24,75.00,0,0,2,1,1,0
3188,Pravin Dubey,DC,Career,4,1,23,16,23.00,33,69.70,0,0,2,0,1,0
3188,Pravin Dubey,DC,2023,1,0,16,16,16.00,20,80.00,0,0,2,0,0,0
3188,Pravin Dubey,DC,2020,3,1,7,7*,0.00,13,53.84,0,0,0,0,1,0
20624,Vicky Ostwal,DC,-,-,-,-,-,-,-,-,-,-,-,-,-,-
5433,Anrich Nortje,DC,Career,46,9,49,23*,8.17,49,100.00,0,0,6,0,10,0
5433,Anrich Nortje,DC,2024,6,0,4,4,2.00,8,50.00,0,0,0,0,1,0
5433,Anrich Nortje,DC,2023,10,4,37,23*,12.33,29,127.59,0,0,6,0,2,0
5433,Anrich Nortje,DC,2022,6,1,1,1*,-,6,16.67,0,0,0,0,2,0
5433,Anrich Nortje,DC,2021,8,0,0,0,0.00,0,0.00,0,0,0,0,1,0
5433,Anrich Nortje,DC,2020,16,4,7,3*,7.00,6,116.66,0,0,0,0,4,0
261,Kuldeep Yadav,DC,Career,84,21,183,35*,15.25,216,84.72,0,0,16,3,20,0
261,Kuldeep Yadav,DC,2024,11,2,47,35*,15.67,41,114.63,0,0,6,1,2,0
261,Kuldeep Yadav,DC,2023,14,8,31,10*,15.50,48,64.58,0,0,2,0,2,0
261,Kuldeep Yadav,DC,2022,14,6,48,16*,48.00,52,92.31,0,0,3,2,5,0
261,Kuldeep Yadav,DC,2020,5,1,13,12,13.00,21,61.90,0,0,1,0,0,0
261,Kuldeep Yadav,DC,2019,9,2,12,10*,6.00,8,150.00,0,0,1,0,3,0
261,Kuldeep Yadav,DC,2018,16,2,12,7*,12.00,24,50.00,0,0,1,0,6,0
261,Kuldeep Yadav,DC,2017,12,0,20,16,10.00,22,90.90,0,0,2,0,1,0
261,Kuldeep Yadav,DC,2016,3,0,0,0,0.00,0,0.00,0,0,0,0,1,0
2964,Khaleel Ahmed,DC,Career,57,0,1,1,0.25,7,14.29,0,0,0,0,4,0
2964,Khaleel Ahmed,DC,2024,14,0,0,0,-,,-,0,0,0,0,1,0
2964,Khaleel Ahmed,DC,2023,9,0,0,0,-,,-,0,0,0,0,2,0
2964,Khaleel Ahmed,DC,2022,10,0,0,0,0.00,2,0.00,0,0,0,0,0,0
2964,Khaleel Ahmed,DC,2021,7,0,1,1,1.00,2,50.00,0,0,0,0,0,0
2964,Khaleel Ahmed,DC,2020,7,0,0,0*,0.00,2,0.00,0,0,0,0,1,0
2964,Khaleel Ahmed,DC,2019,9,0,0,0*,0.00,1,0.00,0,0,0,0,0,0
2964,Khaleel Ahmed,DC,2018,1,0,0,0,0.00,0,0.00,0,0,0,0,0,0
38,Ishant Sharma,DC,Career,79,19,57,10*,9.50,69,82.61,0,0,4,2,11,0
38,Ishant Sharma,DC,2024,9,2,1,1*,-,7,14.29,0,0,0,0,2,0
38,Ishant Sharma,DC,2023,8,1,1,1*,-,1,100.00,0,0,0,0,0,0
38,Ishant Sharma,DC,2019,13,3,10,10*,0.00,3,333.33,0,0,1,1,1,0
38,Ishant Sharma,DC,2017,6,1,8,5*,4.00,12,66.66,0,0,1,0,0,0
38,Ishant Sharma,DC,2011,12,5,4,1*,0.00,5,80.00,0,0,0,0,3,0
38,Ishant Sharma,DC,2010,7,1,6,6*,6.00,17,35.29,0,0,0,0,1,0
38,Ishant Sharma,DC,2009,11,1,16,9,8.00,13,123.07,0,0,1,1,2,0
38,Ishant Sharma,DC,2008,13,5,11,4*,11.00,11,100.00,0,0,1,0,2,0
3781,Jhye Richardson,DC,Career,4,0,17,15,5.67,26,65.38,0,0,2,0,1,0
3781,Jhye Richardson,DC,2024,1,0,2,2,2.00,2,100.00,0,0,0,0,0,0
3781,Jhye Richardson,DC,2021,3,0,15,15,7.50,24,62.50,0,0,2,0,1,0
20727,Lizaad Williams,DC,Career,2,1,1,1*,-,2,50.00,0,0,0,0,1,0
20727,Lizaad Williams,DC,2024,2,1,1,1*,-,2,50.00,0,0,0,0,1,0
5622,Mukesh Kumar,DC,Career,20,4,10,6*,10.00,18,55.56,0,0,0,0,6,0
5622,Mukesh Kumar,DC,2024,10,1,3,3,3.00,9,33.33,0,0,0,0,3,0
5622,Mukesh Kumar,DC,2023,10,3,7,6*,-,9,77.78,0,0,0,0,3,0
20577,Rasikh Dar,DC,Career,11,1,40,10,8.00,40,100.00,0,0,5,0,2,0
20577,Rasikh Dar,DC,2024,8,0,28,10,7.00,30,93.33,0,0,4,0,1,0
20577,Rasikh Dar,DC,2022,2,0,7,7,7.00,6,116.67,0,0,1,0,0,0
20577,Rasikh Dar,DC,2019,1,1,5,5*,0.00,4,125.00,0,0,0,0,1,0
1125,KL Rahul,LSG,Career,131,20,4628,132*,45.37,3438,134.61,4,36,397,184,76,7
1125,KL Rahul,LSG,2024,13,0,465,82,35.77,341,136.36,0,3,42,16,15,2
1125,KL Rahul,LSG,2023,9,1,274,74,34.25,242,113.22,0,2,28,4,4,0
1125,KL Rahul,LSG,2022,15,3,616,103*,51.33,455,135.38,2,4,45,30,9,0
1125,KL Rahul,LSG,2021,13,3,626,98*,62.60,451,138.80,0,6,48,30,11,0
1125,KL Rahul,LSG,2020,14,2,670,132*,55.83,518,129.34,1,5,58,23,10,0
1125,KL Rahul,LSG,2019,14,3,593,100*,53.90,438,135.38,1,6,49,25,7,0
1125,KL Rahul,LSG,2018,14,2,659,95*,54.91,416,158.41,0,6,66,32,10,1
1125,KL Rahul,LSG,2016,14,3,397,68*,44.11,271,146.49,0,4,37,16,5,4
1125,KL Rahul,LSG,2015,9,3,142,44*,28.40,126,112.69,0,0,8,5,1,0
1125,KL Rahul,LSG,2014,11,0,166,46,20.75,164,101.21,0,0,12,3,4,0
1125,KL Rahul,LSG,2013,5,0,20,12,10.00,16,125.00,0,0,4,0,0,0
5430,Devdutt Padikkal,LSG,Career,63,2,1559,101*,25.56,1265,123.24,1,9,169,42,28,0
5430,Devdutt Padikkal,LSG,2024,6,0,38,13,6.33,52,73.08,0,0,3,0,4,0
5430,Devdutt Padikkal,LSG,2023,11,1,261,52,26.10,200,130.50,0,2,31,6,4,0
5430,Devdutt Padikkal,LSG,2022,17,0,376,54,22.12,306,122.88,0,1,40,14,5,0
5430,Devdutt Padikkal,LSG,2021,14,1,411,101*,31.61,328,125.30,1,1,44,14,7,0
5430,Devdutt Padikkal,LSG,2020,15,0,473,74,31.53,379,124.80,0,5,51,8,8,0
834,Quinton de Kock,LSG,Career,107,6,3157,140*,31.26,2352,134.23,2,23,316,123,67,15
834,Quinton de Kock,LSG,2024,11,0,250,81,22.73,186,134.41,0,3,29,9,3,0
834,Quinton de Kock,LSG,2023,4,0,143,70,35.75,102,140.20,0,1,10,8,2,1
834,Quinton de Kock,LSG,2022,15,1,508,140*,36.29,341,148.97,1,3,47,23,12,1
834,Quinton de Kock,LSG,2021,11,1,297,70*,29.70,256,116.01,0,2,29,7,4,2
834,Quinton de Kock,LSG,2020,16,2,503,78*,35.92,358,140.50,0,4,46,22,18,4
834,Quinton de Kock,LSG,2019,16,1,529,81,35.26,398,132.91,0,4,45,25,17,2
834,Quinton de Kock,LSG,2018,8,0,201,53,25.12,162,124.07,0,1,20,8,7,3
834,Quinton de Kock,LSG,2016,13,1,445,108,37.08,327,136.08,1,3,52,13,2,2
834,Quinton de Kock,LSG,2015,3,0,122,69,40.66,77,158.44,0,2,18,4,0,0
834,Quinton de Kock,LSG,2014,7,0,153,48,21.85,130,117.69,0,0,19,4,2,0
834,Quinton de Kock,LSG,2013,3,0,6,4,2.00,15,40.00,0,0,1,0,0,0
1703,Nicholas Pooran,LSG,Career,75,18,1694,77,31.37,1061,159.66,0,8,108,119,32,4
1703,Nicholas Pooran,LSG,2024,13,6,424,64*,60.57,251,168.92,0,2,30,28,7,0
1703,Nicholas Pooran,LSG,2023,15,3,358,62,29.83,207,172.95,0,2,26,26,6,3
1703,Nicholas Pooran,LSG,2022,14,5,306,64*,38.25,212,144.34,0,2,16,21,8,1
1703,Nicholas Pooran,LSG,2021,12,0,85,32,7.72,76,111.84,0,0,3,5,3,0
1703,Nicholas Pooran,LSG,2020,14,4,353,77,35.30,208,169.71,0,2,23,25,7,0
1703,Nicholas Pooran,LSG,2019,7,0,168,48,28.00,107,157.00,0,0,10,14,1,0
1285,Ashton Turner,LSG,Career,6,1,24,16,4.80,28,85.71,0,0,0,2,0,0
1285,Ashton Turner,LSG,2024,2,0,21,16,10.50,18,116.67,0,0,0,2,0,0
1285,Ashton Turner,LSG,2019,4,1,3,3*,1.00,10,30.00,0,0,0,0,0,0
20586,Ayush Badoni,LSG,Career,41,8,612,59*,23.54,463,132.18,0,4,45,22,14,0
20586,Ayush Badoni,LSG,2024,13,3,213,55*,26.63,161,132.30,0,2,21,3,3,0
20586,Ayush Badoni,LSG,2023,15,2,238,59*,23.80,172,138.37,0,1,13,12,2,0
20586,Ayush Badoni,LSG,2022,13,3,161,54,20.13,130,123.85,0,1,11,7,9,0
1556,Deepak Hooda,LSG,Career,117,16,1454,64,18.41,1122,129.59,0,8,95,61,54,0
1556,Deepak Hooda,LSG,2024,10,1,134,50,19.14,96,139.58,0,1,15,3,4,0
1556,Deepak Hooda,LSG,2023,12,1,84,17,7.64,90,93.33,0,0,3,2,10,0
1556,Deepak Hooda,LSG,2022,15,0,451,59,32.21,330,136.67,0,4,36,18,8,0
1556,Deepak Hooda,LSG,2021,12,1,160,64,16.00,123,130.08,0,1,9,9,7,0
1556,Deepak Hooda,LSG,2020,7,4,101,62*,101.00,71,142.25,0,1,5,5,3,0
1556,Deepak Hooda,LSG,2019,11,1,64,20,10.66,63,101.58,0,0,5,1,10,0
1556,Deepak Hooda,LSG,2018,9,4,87,32*,21.75,81,107.40,0,0,2,3,3,0
1556,Deepak Hooda,LSG,2017,10,3,78,19*,26.00,52,150.00,0,0,5,4,5,0
1556,Deepak Hooda,LSG,2016,17,1,144,34,10.28,121,119.00,0,0,9,5,3,0
1556,Deepak Hooda,LSG,2015,14,0,151,54,16.77,95,158.94,0,1,6,11,1,0
3834,Krishnappa Gowtham,LSG,Career,36,9,247,33*,13.72,148,166.89,0,0,15,17,21,0
3834,Krishnappa Gowtham,LSG,2024,1,0,0,0,-,,-,0,0,0,0,1,0
3834,Krishnappa Gowtham,LSG,2023,7,3,61,23,15.25,37,164.86,0,0,2,5,6,0
3834,Krishnappa Gowtham,LSG,2022,4,0,0,0,0.00,1,0.00,0,0,0,0,4,0
3834,Krishnappa Gowtham,LSG,2020,2,1,42,22*,42.00,27,155.55,0,0,3,2,0,0
3834,Krishnappa Gowtham,LSG,2019,7,1,18,9,6.00,19,94.73,0,0,1,1,0,0
3834,Krishnappa Gowtham,LSG,2018,15,4,126,33*,14.00,64,196.87,0,0,9,9,10,0
3183,Krunal Pandya,LSG,Career,126,37,1635,86,22.40,1233,132.60,0,1,143,60,44,0
3183,Krunal Pandya,LSG,2024,13,7,121,43*,30.25,98,123.47,0,0,7,4,1,0
3183,Krunal Pandya,LSG,2023,15,4,188,49,18.80,165,113.94,0,0,15,6,8,0
3183,Krunal Pandya,LSG,2022,14,4,183,42,20.33,145,126.21,0,0,16,4,7,0
3183,Krunal Pandya,LSG,2021,13,2,143,39,14.30,123,116.26,0,0,10,6,6,0
3183,Krunal Pandya,LSG,2020,16,6,109,34,18.16,92,118.47,0,0,9,5,4,0
3183,Krunal Pandya,LSG,2019,16,4,183,42,16.63,150,122.00,0,0,18,5,5,0
3183,Krunal Pandya,LSG,2018,14,3,228,41*,22.80,157,145.22,0,0,22,10,9,0
3183,Krunal Pandya,LSG,2017,13,4,243,47,34.71,179,135.75,0,0,24,7,2,0
3183,Krunal Pandya,LSG,2016,12,3,237,86,39.50,124,191.12,0,1,22,13,2,0
20587,Kyle Mayers,LSG,Career,13,0,379,73,29.15,263,144.11,0,4,38,22,2,0
20587,Kyle Mayers,LSG,2023,13,0,379,73,29.15,263,144.11,0,4,38,22,2,0
964,Marcus Stoinis,LSG,Career,95,22,1838,124*,28.28,1292,142.26,1,9,145,91,24,0
964,Marcus Stoinis,LSG,2024,13,2,360,124*,32.73,241,149.38,1,2,34,16,4,0
964,Marcus Stoinis,LSG,2023,15,2,408,89*,31.38,272,150.00,0,3,28,27,4,0
964,Marcus Stoinis,LSG,2022,11,2,156,38*,19.50,106,147.17,0,0,7,13,4,0
964,Marcus Stoinis,LSG,2021,10,3,89,27*,22.25,72,123.61,0,0,11,1,2,0
964,Marcus Stoinis,LSG,2020,17,3,352,65,25.14,237,148.52,0,3,31,16,3,0
964,Marcus Stoinis,LSG,2019,10,6,211,46*,52.75,156,135.25,0,0,14,10,2,0
964,Marcus Stoinis,LSG,2018,7,3,99,29*,24.75,76,130.26,0,0,6,4,2,0
964,Marcus Stoinis,LSG,2017,5,0,17,9,5.66,24,70.83,0,0,1,0,3,0
964,Marcus Stoinis,LSG,2016,7,1,146,52,36.50,108,135.18,0,1,13,4,0,0
20599,Mohd. Arshad Khan,LSG,Career,9,3,101,58*,33.67,68,148.53,0,1,6,6,3,0
20599,Mohd. Arshad Khan,LSG,2024,3,2,83,58*,83.00,53,156.60,0,1,6,5,1,0
20599,Mohd. Arshad Khan,LSG,2023,6,1,18,15*,9.00,15,120.00,0,0,0,1,2,0
20602,Prerak Mankad,LSG,Career,6,3,97,64*,32.33,73,132.88,0,1,13,2,6,0
20602,Prerak Mankad,LSG,2023,5,2,93,64*,31.00,72,129.17,0,1,12,2,5,0
20602,Prerak Mankad,LSG,2022,1,1,4,4*,-,1,400.00,0,0,1,0,1,0
10842,Yudhvir Singh,LSG,Career,5,0,22,14,5.50,16,137.50,0,0,1,2,0,0
10842,Yudhvir Singh,LSG,2024,2,0,21,14,10.50,14,150.00,0,0,1,2,0,0
10842,Yudhvir Singh,LSG,2023,3,0,1,1,0.50,2,50.00,0,0,0,0,0,0
20691,Arshin Kulkarni,LSG,Career,2,0,9,9,4.50,8,112.50,0,0,2,0,0,0
20691,Arshin Kulkarni,LSG,2024,2,0,9,9,4.50,8,112.50,0,0,2,0,0,0
2758,David Willey,LSG,Career,11,3,53,20*,26.50,62,85.48,0,0,7,0,4,0
2758,David Willey,LSG,2023,4,3,35,20*,-,32,109.38,0,0,4,0,1,0
2758,David Willey,LSG,2022,4,0,18,18,9.00,30,60.00,0,0,3,0,1,0
2758,David Willey,LSG,2018,3,0,0,0,0.00,0,0.00,0,0,0,0,2,0
3779,Shivam Mavi,LSG,Career,32,3,51,20,5.67,56,91.07,0,0,4,2,16,0
3779,Shivam Mavi,LSG,2022,6,1,3,2,1.50,7,42.86,0,0,0,0,4,0
3779,Shivam Mavi,LSG,2021,9,0,25,20,12.50,20,125.00,0,0,2,2,5,0
3779,Shivam Mavi,LSG,2020,8,1,10,9,5.00,14,71.42,0,0,1,0,4,0
3779,Shivam Mavi,LSG,2018,9,1,13,7,4.33,15,86.66,0,0,1,0,3,0
20719,Shamar Joseph,LSG,Career,1,0,0,0,-,,-,0,0,0,0,0,0
20719,Shamar Joseph,LSG,2024,1,0,0,0,-,,-,0,0,0,0,0,0
1505,Matt Henry,LSG,Career,3,0,0,0,-,,-,0,0,0,0,0,0
1505,Matt Henry,LSG,2024,3,0,0,0,-,,-,0,0,0,0,0,0
20585,Mayank Yadav,LSG,Career,4,0,0,0,-,,-,0,0,0,0,1,0
20585,Mayank Yadav,LSG,2024,4,0,0,0,-,,-,0,0,0,0,1,0
4952,Mohsin Khan,LSG,Career,23,2,25,13*,8.33,24,104.17,0,0,2,1,1,0
4952,Mohsin Khan,LSG,2024,9,0,2,2,2.00,1,200.00,0,0,0,0,0,0
4952,Mohsin Khan,LSG,2023,5,0,0,0,0.00,7,0.00,0,0,0,0,0,0
4952,Mohsin Khan,LSG,2022,9,2,23,13*,23.00,16,143.75,0,0,2,1,1,0
19351,Ravi Bishnoi,LSG,Career,65,7,32,6*,4.00,50,64.00,0,0,2,0,19,0
19351,Ravi Bishnoi,LSG,2024,13,0,4,2,1.33,6,66.67,0,0,0,0,3,0
19351,Ravi Bishnoi,LSG,2023,15,4,20,5,6.67,27,74.07,0,0,1,0,9,0
19351,Ravi Bishnoi,LSG,2022,14,1,0,0*,-,1,0.00,0,0,0,0,3,0
19351,Ravi Bishnoi,LSG,2021,9,0,1,1,1.00,4,25.00,0,0,0,0,2,0
19351,Ravi Bishnoi,LSG,2020,14,2,7,6*,7.00,12,58.33,0,0,1,0,2,0
5624,Yash Thakur,LSG,Career,19,0,0,0,-,,-,0,0,0,0,2,0
5624,Yash Thakur,LSG,2024,10,0,0,0,-,,-,0,0,0,0,1,0
5624,Yash Thakur,LSG,2023,9,0,0,0,-,,-,0,0,0,0,1,0
30,Amit Mishra,LSG,Career,155,25,381,31,11.91,419,90.93,0,0,31,5,24,0
30,Amit Mishra,LSG,2024,1,0,0,0,-,,-,0,0,0,0,0,0
30,Amit Mishra,LSG,2023,7,0,19,19,19.00,30,63.33,0,0,2,0,2,0
30,Amit Mishra,LSG,2019,11,2,21,8,10.50,24,87.50,0,0,2,0,1,0
30,Amit Mishra,LSG,2018,10,1,1,1*,0.00,2,50.00,0,0,0,0,0,0
30,Amit Mishra,LSG,2017,14,5,49,13*,49.00,52,94.23,0,0,2,2,3,0
30,Amit Mishra,LSG,2016,14,0,4,3,2.00,14,28.57,0,0,0,0,3,0
30,Amit Mishra,LSG,2015,12,2,8,4,4.00,12,66.66,0,0,0,0,2,0
30,Amit Mishra,LSG,2014,10,1,4,4*,4.00,7,57.14,0,0,0,0,0,0
30,Amit Mishra,LSG,2013,17,2,89,30,14.83,96,92.70,0,0,9,0,2,0
30,Amit Mishra,LSG,2012,14,2,16,8*,5.33,20,80.00,0,0,1,0,1,0
30,Amit Mishra,LSG,2011,14,5,68,25*,17.00,49,138.77,0,0,9,1,2,0
30,Amit Mishra,LSG,2010,14,3,39,12,9.75,51,76.47,0,0,1,0,4,0
30,Amit Mishra,LSG,2009,11,2,26,13*,8.66,20,130.00,0,0,2,2,2,0
30,Amit Mishra,LSG,2008,6,0,37,31,12.33,42,88.09,0,0,3,0,2,0
5681,Naveen Ul Haq,LSG,Career,17,5,18,13,18.00,25,72.00,0,0,2,0,5,0
5681,Naveen Ul Haq,LSG,2024,9,3,2,2*,-,4,50.00,0,0,0,0,3,0
5681,Naveen Ul Haq,LSG,2023,8,2,16,13,16.00,21,76.19,0,0,2,0,2,0
7119,M Siddharth,LSG,Career,3,0,0,0,-,,-,0,0,0,0,0,0
7119,M Siddharth,LSG,2024,3,0,0,0,-,,-,0,0,0,0,0,0
107,Rohit Sharma,MI,Career,256,29,6560,109*,29.55,5016,130.78,2,42,589,277,101,0
107,Rohit Sharma,MI,2024,13,1,349,105*,29.08,240,145.42,1,0,35,20,3,0
107,Rohit Sharma,MI,2023,16,0,332,65,20.75,250,132.80,0,2,35,17,1,0
107,Rohit Sharma,MI,2022,14,0,268,48,19.14,223,120.18,0,0,28,13,7,0
107,Rohit Sharma,MI,2021,13,0,381,63,29.30,299,127.42,0,1,33,14,1,0
107,Rohit Sharma,MI,2020,12,0,332,80,27.66,260,127.69,0,3,27,19,6,0
107,Rohit Sharma,MI,2019,15,1,405,67,28.92,315,128.57,0,2,52,10,4,0
107,Rohit Sharma,MI,2018,14,2,286,94,23.83,215,133.02,0,2,25,12,8,0
107,Rohit Sharma,MI,2017,17,2,333,67,23.78,273,121.97,0,3,31,9,10,0
107,Rohit Sharma,MI,2016,14,3,489,85*,44.45,368,132.88,0,5,49,16,2,0
107,Rohit Sharma,MI,2015,16,2,482,98*,34.42,333,144.74,0,3,41,21,5,0
107,Rohit Sharma,MI,2014,15,2,390,59*,30.00,302,129.13,0,3,31,16,5,0
107,Rohit Sharma,MI,2013,19,5,538,79*,38.42,409,131.54,0,4,35,28,7,0
107,Rohit Sharma,MI,2012,17,2,433,109*,30.92,342,126.60,1,3,39,18,13,0
107,Rohit Sharma,MI,2011,16,3,372,87,33.81,297,125.25,0,3,32,13,7,0
107,Rohit Sharma,MI,2010,16,2,404,73,28.85,302,133.77,0,3,36,14,9,0
107,Rohit Sharma,MI,2009,16,3,362,52,27.84,315,114.92,0,1,22,18,5,0
107,Rohit Sharma,MI,2008,13,1,404,76*,36.72,273,147.98,0,4,38,19,8,0
20593,Dewald Brevis,MI,Career,9,0,207,49,23.00,152,136.18,0,0,16,14,4,0
20593,Dewald Brevis,MI,2024,2,0,46,46,23.00,39,117.95,0,0,2,3,1,0
20593,Dewald Brevis,MI,2022,7,0,161,49,23.00,113,142.48,0,0,14,11,3,0
108,Suryakumar Yadav,MI,Career,149,23,3594,103*,32.67,2470,145.51,2,24,385,130,67,0
108,Suryakumar Yadav,MI,2024,10,1,345,102*,38.33,203,169.95,1,3,36,18,3,0
108,Suryakumar Yadav,MI,2023,16,2,605,103*,43.21,334,181.14,1,5,65,28,6,0
108,Suryakumar Yadav,MI,2022,8,1,303,68*,43.29,208,145.67,0,3,23,16,3,0
108,Suryakumar Yadav,MI,2021,14,0,317,82,22.64,221,143.43,0,2,40,10,5,0
108,Suryakumar Yadav,MI,2020,16,3,480,79*,40.00,331,145.01,0,4,61,11,8,0
108,Suryakumar Yadav,MI,2019,16,2,424,71*,32.61,324,130.86,0,2,45,10,9,0
108,Suryakumar Yadav,MI,2018,14,0,512,72,36.57,384,133.33,0,4,61,16,8,0
108,Suryakumar Yadav,MI,2017,10,1,105,31,17.50,88,119.31,0,0,8,3,5,0
108,Suryakumar Yadav,MI,2016,15,4,182,60,26.00,143,127.27,0,1,18,5,6,0
108,Suryakumar Yadav,MI,2015,13,4,157,46*,17.44,113,138.93,0,0,12,8,7,0
108,Suryakumar Yadav,MI,2014,16,5,164,34,32.80,117,140.17,0,0,16,5,7,0
108,Suryakumar Yadav,MI,2012,1,0,0,0,0.00,4,0.00,0,0,0,0,0,0
2975,Ishan Kishan,MI,Career,104,6,2630,99,28.59,1931,136.20,0,16,254,119,51,5
2975,Ishan Kishan,MI,2024,13,0,306,69,23.54,200,153.00,0,1,34,16,9,0
2975,Ishan Kishan,MI,2023,16,0,454,75,30.27,318,142.77,0,3,54,18,10,3
2975,Ishan Kishan,MI,2022,14,1,418,81*,32.15,348,120.11,0,3,45,11,13,0
2975,Ishan Kishan,MI,2021,10,1,241,84,26.77,180,133.88,0,2,21,10,3,0
2975,Ishan Kishan,MI,2020,14,4,516,99,57.33,354,145.76,0,4,36,30,1,0
2975,Ishan Kishan,MI,2019,7,0,101,28,16.83,100,101.00,0,0,8,4,2,0
2975,Ishan Kishan,MI,2018,14,0,275,62,22.91,184,149.45,0,2,22,17,9,2
2975,Ishan Kishan,MI,2017,11,0,277,61,27.70,206,134.46,0,1,29,13,3,0
2975,Ishan Kishan,MI,2016,5,0,42,27,8.40,41,102.43,0,0,5,0,1,0
20729,Harvik Desai,MI,-,-,-,-,-,-,-,-,-,-,-,-,-,-
20594,N. Tilak Varma,MI,Career,38,9,1156,84*,39.86,790,146.33,0,6,90,58,23,0
20594,N. Tilak Varma,MI,2024,13,3,416,65,41.60,278,149.64,0,3,35,19,9,0
20594,N. Tilak Varma,MI,2023,11,3,343,84*,42.88,209,164.11,0,1,26,23,4,0
20594,N. Tilak Varma,MI,2022,14,3,397,61,36.09,303,131.02,0,2,29,16,10,0
4524,Tim David,MI,Career,38,12,659,46,28.65,387,170.28,0,0,38,46,22,0
4524,Tim David,MI,2024,13,3,241,45*,30.13,152,158.55,0,0,14,15,6,0
4524,Tim David,MI,2023,16,6,231,45*,25.67,146,158.22,0,0,12,15,10,0
4524,Tim David,MI,2022,8,3,186,46,37.20,86,216.28,0,0,12,16,6,0
4524,Tim David,MI,2021,1,0,1,1,1.00,3,33.33,0,0,0,0,0,0
4305,Vishnu Vinod,MI,Career,6,0,56,30,9.33,57,98.25,0,0,3,3,1,2
4305,Vishnu Vinod,MI,2023,3,0,37,30,12.33,31,119.35,0,0,2,2,1,0
4305,Vishnu Vinod,MI,2017,3,0,19,9,6.33,26,73.07,0,0,1,1,0,2
2740,Hardik Pandya,MI,Career,136,40,2509,91,28.84,1721,145.79,0,10,188,135,69,0
2740,Hardik Pandya,MI,2024,13,1,200,46,18.18,138,144.93,0,0,16,10,4,0
2740,Hardik Pandya,MI,2023,16,4,346,66,31.45,253,136.76,0,2,26,15,8,0
2740,Hardik Pandya,MI,2022,15,4,487,87*,44.27,371,131.27,0,4,49,12,4,0
2740,Hardik Pandya,MI,2021,12,2,127,40*,14.11,112,113.39,0,0,11,5,4,0
2740,Hardik Pandya,MI,2020,14,5,281,60*,35.12,157,178.98,0,1,14,25,6,0
2740,Hardik Pandya,MI,2019,16,6,402,91,44.66,210,191.42,0,1,28,29,11,0
2740,Hardik Pandya,MI,2018,13,4,260,50,28.88,195,133.33,0,1,20,11,8,0
2740,Hardik Pandya,MI,2017,17,9,250,35*,35.71,160,156.25,0,0,11,20,12,0
2740,Hardik Pandya,MI,2016,11,2,44,9,6.28,63,69.84,0,0,4,0,6,0
2740,Hardik Pandya,MI,2015,9,3,112,61*,22.40,62,180.64,0,1,9,8,6,0
10244,Arjun Tendulkar,MI,Career,4,0,13,13,13.00,9,144.44,0,0,0,1,0,0
10244,Arjun Tendulkar,MI,2023,4,0,13,13,13.00,9,144.44,0,0,0,1,0,0
618,Mohammad Nabi,MI,Career,24,3,215,31,13.44,150,143.33,0,0,18,11,18,0
618,Mohammad Nabi,MI,2024,7,1,35,23,8.75,31,112.90,0,0,2,2,7,0
618,Mohammad Nabi,MI,2021,3,0,34,17,11.33,20,170.00,0,0,3,2,5,0
618,Mohammad Nabi,MI,2020,1,1,11,11*,0.00,8,137.50,0,0,2,0,0,0
618,Mohammad Nabi,MI,2019,8,1,115,31,19.16,76,151.31,0,0,8,7,6,0
618,Mohammad Nabi,MI,2018,2,0,18,14,9.00,12,150.00,0,0,3,0,0,0
618,Mohammad Nabi,MI,2017,3,0,2,2,2.00,3,66.66,0,0,0,0,0,0
20609,Romario Shepherd,MI,Career,9,3,114,39*,22.80,62,183.87,0,0,7,10,0,0
20609,Romario Shepherd,MI,2024,5,2,56,39*,28.00,20,280.00,0,0,5,5,0,0
20609,Romario Shepherd,MI,2023,1,0,0,0,0.00,1,0.00,0,0,0,0,0,0
20609,Romario Shepherd,MI,2022,3,1,58,26*,29.00,41,141.46,0,0,2,5,0,0
5884,Shams Mulani,MI,Career,2,1,1,1*,-,1,100.00,0,0,0,0,0,0
5884,Shams Mulani,MI,2024,2,1,1,1*,-,1,100.00,0,0,0,0,0,0
5859,Nehal Wadhera,MI,Career,19,1,349,64,24.93,247,141.30,0,2,32,18,4,0
5859,Nehal Wadhera,MI,2024,5,0,108,49,21.60,81,133.33,0,0,9,6,0,0
5859,Nehal Wadhera,MI,2023,14,1,241,64,26.78,166,145.18,0,2,23,12,4,0
20686,Gerald Coetzee,MI,Career,10,1,14,8,3.50,22,63.64,0,0,0,1,2,0
20686,Gerald Coetzee,MI,2024,10,1,14,8,3.50,22,63.64,0,0,0,1,2,0
20702,Anshul Kamboj,MI,Career,2,1,2,2*,-,2,100.00,0,0,0,0,3,0
20702,Anshul Kamboj,MI,2024,2,1,2,2*,-,2,100.00,0,0,0,0,3,0
20701,Naman Dhir,MI,Career,6,0,78,30,13.00,51,152.94,0,0,8,5,3,0
20701,Naman Dhir,MI,2024,6,0,78,30,13.00,51,152.94,0,0,8,5,3,0
20714,Shivalik Sharma,MI,-,-,-,-,-,-,-,-,-,-,-,-,-,-
20724,Kwena Maphaka,MI,Career,2,0,0,0,-,,-,0,0,0,0,0,0
20724,Kwena Maphaka,MI,2024,2,0,0,0,-,,-,0,0,0,0,0,0
1124,Jasprit Bumrah,MI,Career,133,24,69,16*,9.86,78,88.46,0,0,5,1,16,0
1124,Jasprit Bumrah,MI,2024,13,4,12,8*,-,12,100.00,0,0,1,0,1,0
1124,Jasprit Bumrah,MI,2022,14,4,0,0*,0.00,8,0.00,0,0,0,0,2,0
1124,Jasprit Bumrah,MI,2021,14,5,16,5*,8.00,17,94.11,0,0,2,0,4,0
1124,Jasprit Bumrah,MI,2020,15,1,5,5*,0.00,3,166.66,0,0,0,0,0,0
1124,Jasprit Bumrah,MI,2019,16,3,0,0*,0.00,1,0.00,0,0,0,0,2,0
1124,Jasprit Bumrah,MI,2018,14,2,10,6*,10.00,11,90.90,0,0,1,0,4,0
1124,Jasprit Bumrah,MI,2017,16,1,17,16*,17.00,12,133.33,0,0,0,1,2,0
1124,Jasprit Bumrah,MI,2016,14,1,8,6,8.00,11,72.72,0,0,1,0,1,0
1124,Jasprit Bumrah,MI,2015,4,1,0,0,0.00,0,0.00,0,0,0,0,0,0
1124,Jasprit Bumrah,MI,2014,11,2,1,1*,0.00,3,33.33,0,0,0,0,0,0
1124,Jasprit Bumrah,MI,2013,2,0,0,0,0.00,0,0.00,0,0,0,0,0,0
76,Piyush Chawla,MI,Career,184,36,624,24*,11.14,563,110.83,0,0,56,20,43,0
76,Piyush Chawla,MI,2024,10,2,15,10,3.75,15,100.00,0,0,1,1,2,0
76,Piyush Chawla,MI,2023,16,2,25,18,12.50,22,113.64,0,0,1,1,1,0
76,Piyush Chawla,MI,2021,1,0,0,0*,0.00,2,0.00,0,0,0,0,0,0
76,Piyush Chawla,MI,2019,13,2,42,14*,14.00,37,113.51,0,0,4,2,5,0
76,Piyush Chawla,MI,2018,15,3,27,12,6.75,34,79.41,0,0,1,1,4,0
76,Piyush Chawla,MI,2017,6,0,2,2,2.00,6,33.33,0,0,0,0,1,0
76,Piyush Chawla,MI,2016,12,0,27,11,9.00,26,103.84,0,0,4,0,3,0
76,Piyush Chawla,MI,2015,13,4,54,22,13.50,47,114.89,0,0,5,2,2,0
76,Piyush Chawla,MI,2014,11,2,31,17*,10.33,19,163.15,0,0,4,1,3,0
76,Piyush Chawla,MI,2013,16,5,64,23,10.66,57,112.28,0,0,5,3,1,0
76,Piyush Chawla,MI,2012,16,4,106,21*,13.25,88,120.45,0,0,9,4,3,0
76,Piyush Chawla,MI,2011,12,3,48,15,16.00,55,87.27,0,0,2,2,3,0
76,Piyush Chawla,MI,2010,14,1,62,22,12.40,60,103.33,0,0,7,0,3,0
76,Piyush Chawla,MI,2009,14,5,31,8*,6.20,36,86.11,0,0,3,0,6,0
76,Piyush Chawla,MI,2008,15,3,90,24*,22.50,59,152.54,0,0,10,3,6,0
20629,Kumar Kartikeya Singh,MI,Career,12,0,9,6,4.50,12,75.00,0,0,1,0,1,0
20629,Kumar Kartikeya Singh,MI,2023,8,0,6,6,6.00,7,85.71,0,0,1,0,1,0
20629,Kumar Kartikeya Singh,MI,2022,4,0,3,3,3.00,5,60.00,0,0,0,0,0,0
20681,Akash Madhwal,MI,Career,13,1,4,4*,-,5,80.00,0,0,0,0,1,0
20681,Akash Madhwal,MI,2024,5,1,4,4*,-,5,80.00,0,0,0,0,1,0
20681,Akash Madhwal,MI,2023,8,0,0,0,-,,-,0,0,0,0,0,0
20721,Luke Wood,MI,Career,2,1,9,9*,-,3,300.00,0,0,0,1,0,0
20721,Luke Wood,MI,2024,2,1,9,9*,-,3,300.00,0,0,0,1,0,0
20687,Dilshan Madushanka,MI,-,-,-,-,-,-,-,-,-,-,-,-,-,-
20696,Shreyas Gopal,MI,Career,52,8,180,24,12.86,169,106.51,0,0,19,2,12,0
20696,Shreyas Gopal,MI,2024,3,0,0,0,-,,-,0,0,0,0,1,0
20696,Shreyas Gopal,MI,2022,1,1,9,9*,-,7,128.57,0,0,2,0,0,0
20696,Shreyas Gopal,MI,2021,3,1,7,7*,7.00,5,140.00,0,0,0,1,0,0
20696,Shreyas Gopal,MI,2020,14,1,37,23*,9.25,39,94.87,0,0,3,0,2,0
20696,Shreyas Gopal,MI,2019,14,3,63,19*,15.75,46,136.95,0,0,8,1,5,0
20696,Shreyas Gopal,MI,2018,11,1,50,24,16.66,45,111.11,0,0,5,0,3,0
20696,Shreyas Gopal,MI,2016,1,0,2,2,2.00,16,12.50,0,0,0,0,0,0
20696,Shreyas Gopal,MI,2015,1,1,1,1*,0.00,1,100.00,0,0,0,0,0,0
20696,Shreyas Gopal,MI,2014,4,0,11,11,11.00,10,110.00,0,0,1,0,1,0
20700,Nuwan Thushara,MI,Career,6,0,0,0,-,,-,0,0,0,0,0,0
20700,Nuwan Thushara,MI,2024,6,0,0,0,-,,-,0,0,0,0,0,0
3761,Shubman Gill,GT,Career,103,15,3216,129,37.84,2370,135.70,4,20,310,95,37,0
3761,Shubman Gill,GT,2024,12,1,426,104,38.73,289,147.40,1,2,37,15,1,0
3761,Shubman Gill,GT,2023,17,2,890,129,59.33,564,157.80,3,4,85,33,6,0
3761,Shubman Gill,GT,2022,16,2,483,96,34.50,365,132.33,0,4,51,11,7,0
3761,Shubman Gill,GT,2021,17,0,478,57,28.11,402,118.90,0,3,50,12,6,0
3761,Shubman Gill,GT,2020,14,1,440,70*,33.84,373,117.96,0,3,44,9,7,0
3761,Shubman Gill,GT,2019,14,4,296,76,32.88,238,124.36,0,3,21,10,7,0
3761,Shubman Gill,GT,2018,13,5,203,57*,33.83,139,146.04,0,1,22,5,3,0
187,David Miller,GT,Career,130,43,2924,101*,36.55,2100,139.24,1,13,207,134,75,0
187,David Miller,GT,2024,9,3,210,55,35.00,139,151.08,0,1,20,8,5,0
187,David Miller,GT,2023,16,5,259,46,32.38,178,145.51,0,0,18,13,11,0
187,David Miller,GT,2022,16,9,481,94*,68.71,337,142.73,0,2,32,23,6,0
187,David Miller,GT,2021,9,3,124,62,24.80,113,109.73,0,1,11,3,4,0
187,David Miller,GT,2020,1,0,0,0,0.00,0,0.00,0,0,0,0,0,0
187,David Miller,GT,2019,10,2,213,59*,26.62,164,129.87,0,1,19,7,7,0
187,David Miller,GT,2018,3,1,74,26,37.00,64,115.62,0,0,3,2,0,0
187,David Miller,GT,2017,5,1,83,30*,27.66,80,103.75,0,0,4,4,2,0
187,David Miller,GT,2016,14,3,161,31,16.10,131,122.90,0,0,11,4,10,0
187,David Miller,GT,2015,13,2,357,89*,32.45,266,134.21,0,2,21,21,7,0
187,David Miller,GT,2014,16,6,446,66,44.60,299,149.16,0,3,34,21,14,0
187,David Miller,GT,2013,12,5,418,101*,59.71,254,164.56,1,3,28,24,8,0
187,David Miller,GT,2012,6,3,98,34*,32.66,75,130.66,0,0,6,4,1,0
290,Matthew Wade,GT,Career,15,0,183,35,13.07,177,103.39,0,0,23,2,8,1
290,Matthew Wade,GT,2024,2,0,4,4,4.00,6,66.67,0,0,0,0,1,0
290,Matthew Wade,GT,2022,10,0,157,35,15.70,138,113.77,0,0,23,2,7,1
290,Matthew Wade,GT,2011,3,0,22,11,7.33,33,66.66,0,0,0,0,0,0
16,Wriddhiman Saha,GT,Career,170,24,2934,115*,24.25,2300,127.57,1,13,296,87,93,26
16,Wriddhiman Saha,GT,2024,9,0,136,39,15.11,115,118.26,0,0,18,3,5,2
16,Wriddhiman Saha,GT,2023,17,1,371,81,23.19,287,129.27,0,2,47,8,9,2
16,Wriddhiman Saha,GT,2022,11,1,317,68,31.70,259,122.39,0,3,40,7,11,2
16,Wriddhiman Saha,GT,2021,9,0,131,44,14.55,140,93.57,0,0,7,5,6,0
16,Wriddhiman Saha,GT,2020,4,1,214,87,71.33,153,139.86,0,2,24,5,2,1
16,Wriddhiman Saha,GT,2019,5,0,86,28,17.20,53,162.26,0,0,13,1,4,1
16,Wriddhiman Saha,GT,2018,11,2,122,35,15.25,102,119.60,0,0,17,1,5,1
16,Wriddhiman Saha,GT,2017,14,1,234,93*,23.40,187,125.13,0,1,20,8,10,2
16,Wriddhiman Saha,GT,2016,12,1,270,56,24.54,212,127.35,0,2,29,1,7,3
16,Wriddhiman Saha,GT,2015,14,0,249,42,19.15,197,126.39,0,0,16,10,11,3
16,Wriddhiman Saha,GT,2014,17,2,362,115*,32.90,249,145.38,1,2,33,18,8,4
16,Wriddhiman Saha,GT,2013,3,0,70,39,23.33,56,125.00,0,0,6,4,0,0
16,Wriddhiman Saha,GT,2012,4,0,6,6,6.00,14,42.85,0,0,0,0,0,0
16,Wriddhiman Saha,GT,2011,7,2,68,46*,68.00,63,107.93,0,0,2,4,2,0
16,Wriddhiman Saha,GT,2010,13,4,67,22,22.33,53,126.41,0,0,9,1,3,3
16,Wriddhiman Saha,GT,2009,8,4,72,25*,24.00,41,175.60,0,0,3,4,2,0
16,Wriddhiman Saha,GT,2008,12,5,159,59*,31.80,119,133.61,0,1,12,7,8,2
20723,BR Sharath,GT,Career,1,0,2,2,2.00,5,40.00,0,0,0,0,1,0
20723,BR Sharath,GT,2024,1,0,2,2,2.00,5,40.00,0,0,0,0,1,0
440,Kane Williamson,GT,Career,79,17,2128,89,35.47,1694,125.62,0,18,186,64,40,0
440,Kane Williamson,GT,2024,2,0,27,26,13.50,27,100.00,0,0,4,0,1,0
440,Kane Williamson,GT,2023,1,0,0,0,-,,-,0,0,0,0,0,0
440,Kane Williamson,GT,2022,13,2,216,57,19.64,231,93.51,0,1,16,8,10,0
440,Kane Williamson,GT,2021,10,4,266,66*,44.33,235,113.19,0,2,29,2,7,0
440,Kane Williamson,GT,2020,12,4,317,67,45.28,237,133.75,0,3,26,10,6,0
440,Kane Williamson,GT,2019,9,2,156,70*,22.28,130,120.00,0,1,12,5,2,0
440,Kane Williamson,GT,2018,17,3,735,84,52.50,516,142.44,0,8,64,28,6,0
440,Kane Williamson,GT,2017,7,1,256,89,42.66,169,151.47,0,2,20,10,1,0
440,Kane Williamson,GT,2016,6,0,124,50,20.66,122,101.63,0,1,14,0,5,0
440,Kane Williamson,GT,2015,2,1,31,26*,31.00,27,114.81,0,0,1,1,2,0
20589,Abhinav Manohar,GT,Career,19,1,231,43,16.50,174,132.76,0,0,21,10,10,0
20589,Abhinav Manohar,GT,2024,2,0,9,8,4.50,16,56.25,0,0,1,0,2,0
20589,Abhinav Manohar,GT,2023,9,0,114,42,19.00,83,137.35,0,0,6,7,4,0
20589,Abhinav Manohar,GT,2022,8,1,108,43,18.00,75,144.00,0,0,14,3,4,0
20592,B. Sai Sudharsan,GT,Career,25,3,1034,103,47.00,743,139.17,1,6,95,31,3,0
20592,B. Sai Sudharsan,GT,2024,12,1,527,103,47.91,373,141.29,1,2,48,16,0,0
20592,B. Sai Sudharsan,GT,2023,8,1,362,96,51.71,256,141.41,0,3,33,12,2,0
20592,B. Sai Sudharsan,GT,2022,5,1,145,65*,36.25,114,127.19,0,1,14,3,1,0
4447,Darshan Nalkande,GT,Career,6,0,12,12,6.00,12,100.00,0,0,0,1,2,0
4447,Darshan Nalkande,GT,2024,3,0,12,12,12.00,11,109.09,0,0,0,1,2,0
4447,Darshan Nalkande,GT,2023,1,0,0,0,0.00,1,0.00,0,0,0,0,0,0
4447,Darshan Nalkande,GT,2022,2,0,0,0,-,,-,0,0,0,0,0,0
1083,Vijay Shankar,GT,Career,72,16,1115,63*,25.34,859,129.80,0,6,80,45,30,0
1083,Vijay Shankar,GT,2024,7,2,83,17,16.60,72,115.28,0,0,7,2,4,0
1083,Vijay Shankar,GT,2023,14,2,301,63*,37.63,188,160.11,0,3,27,15,2,0
1083,Vijay Shankar,GT,2022,4,0,19,13,4.75,35,54.29,0,0,1,0,3,0
1083,Vijay Shankar,GT,2021,7,0,58,28,11.60,52,111.53,0,0,1,3,3,0
1083,Vijay Shankar,GT,2020,7,1,97,52*,24.25,96,101.04,0,1,10,1,1,0
1083,Vijay Shankar,GT,2019,15,2,244,40*,20.33,193,126.42,0,0,11,12,10,0
1083,Vijay Shankar,GT,2018,13,7,212,54*,53.00,148,143.24,0,1,11,11,6,0
1083,Vijay Shankar,GT,2017,4,2,101,63*,50.50,75,134.66,0,1,12,1,1,0
1083,Vijay Shankar,GT,2014,1,0,0,0,0.00,0,0.00,0,0,0,0,0,0
20685,Azmatullah Omarzai,GT,Career,7,0,42,17,10.50,33,127.27,0,0,2,2,0,0
20685,Azmatullah Omarzai,GT,2024,7,0,42,17,10.50,33,127.27,0,0,2,2,0,0
7779,Shahrukh Khan,GT,Career,40,10,553,58,19.75,391,141.43,0,1,35,37,20,0
7779,Shahrukh Khan,GT,2024,7,0,127,58,18.14,75,169.33,0,1,9,9,6,0
7779,Shahrukh Khan,GT,2023,14,6,156,41*,22.29,94,165.96,0,0,13,9,7,0
7779,Shahrukh Khan,GT,2022,8,1,117,26,16.71,108,108.33,0,0,4,9,3,0
7779,Shahrukh Khan,GT,2021,11,3,153,47,21.85,114,134.21,0,0,9,10,4,0
1092,Sandeep Warrier,GT,Career,5,0,0,0,-,,-,0,0,0,0,2,0
1092,Sandeep Warrier,GT,2024,5,0,0,0,-,,-,0,0,0,0,2,0
20732,Gurnoor Brar,GT,-,-,-,-,-,-,-,-,-,-,-,-,-,-
1740,Jayant Yadav,GT,Career,20,1,40,23,10.00,36,111.11,0,0,2,1,8,0
1740,Jayant Yadav,GT,2023,1,0,0,0,-,,-,0,0,0,0,2,0
1740,Jayant Yadav,GT,2021,5,1,34,23,17.00,26,130.76,0,0,2,1,2,0
1740,Jayant Yadav,GT,2020,2,0,0,0,0.00,0,0.00,0,0,0,0,0,0
1740,Jayant Yadav,GT,2019,2,0,0,0,0.00,0,0.00,0,0,0,0,2,0
1740,Jayant Yadav,GT,2017,2,0,0,0,0.00,0,0.00,0,0,0,0,0,0
1740,Jayant Yadav,GT,2016,5,0,6,5,3.00,10,60.00,0,0,0,0,1,0
1740,Jayant Yadav,GT,2015,3,0,0,0,0.00,0,0.00,0,0,0,0,1,0
1749,Rahul Tewatia,GT,Career,93,25,1013,53,25.33,752,134.71,0,1,84,47,38,0
1749,Rahul Tewatia,GT,2024,12,2,188,36*,26.86,129,145.74,0,0,24,5,6,0
1749,Rahul Tewatia,GT,2023,17,6,87,20*,21.75,57,152.63,0,0,3,7,8,0
1749,Rahul Tewatia,GT,2022,16,5,217,43*,31.00,147,147.62,0,0,22,9,5,0
1749,Rahul Tewatia,GT,2021,14,1,155,44,15.50,147,105.44,0,0,11,6,2,0
1749,Rahul Tewatia,GT,2020,14,5,255,53,42.50,183,139.34,0,1,13,17,9,0
1749,Rahul Tewatia,GT,2019,5,3,26,11*,26.00,22,118.18,0,0,2,1,6,0
1749,Rahul Tewatia,GT,2018,8,2,50,24,16.66,43,116.27,0,0,5,1,2,0
1749,Rahul Tewatia,GT,2017,3,1,19,15*,19.00,11,172.72,0,0,4,0,0,0
1749,Rahul Tewatia,GT,2015,1,0,0,0,0.00,0,0.00,0,0,0,0,0,0
1749,Rahul Tewatia,GT,2014,3,0,16,16,16.00,13,123.07,0,0,0,1,0,0
94,Mohammad Shami,GT,Career,77,12,69,21,6.27,73,94.52,0,0,5,2,11,0
94,Mohammad Shami,GT,2021,14,3,13,9*,13.00,17,76.47,0,0,0,0,1,0
94,Mohammad Shami,GT,2020,14,2,2,2*,2.00,3,66.66,0,0,0,0,2,0
94,Mohammad Shami,GT,2019,14,1,1,1*,1.00,2,50.00,0,0,0,0,5,0
94,Mohammad Shami,GT,2018,4,0,7,7,7.00,6,116.66,0,0,1,0,2,0
94,Mohammad Shami,GT,2017,8,2,36,21,9.00,24,150.00,0,0,4,2,0,0
94,Mohammad Shami,GT,2016,8,2,2,2*,0.00,4,50.00,0,0,0,0,1,0
94,Mohammad Shami,GT,2014,12,2,3,1*,1.50,7,42.85,0,0,0,0,0,0
94,Mohammad Shami,GT,2013,3,0,5,5,5.00,10,50.00,0,0,0,0,0,0
10059,Kartik Tyagi,GT,Career,20,3,13,7,3.25,16,81.25,0,0,1,0,3,0
10059,Kartik Tyagi,GT,2024,1,0,0,0,-,,-,0,0,0,0,0,0
10059,Kartik Tyagi,GT,2023,3,0,0,0,-,,-,0,0,0,0,0,0
10059,Kartik Tyagi,GT,2022,2,0,7,7,3.50,6,116.67,0,0,1,0,0,0
10059,Kartik Tyagi,GT,2021,4,1,2,1*,2.00,4,50.00,0,0,0,0,1,0
10059,Kartik Tyagi,GT,2020,10,2,4,2*,4.00,6,66.66,0,0,0,0,2,0
20695,Sushant Mishra,GT,-,-,-,-,-,-,-,-,-,-,-,-,-,-
20699,Spencer Johnson,GT,Career,5,3,6,5*,-,7,85.71,0,0,1,0,1,0
20699,Spencer Johnson,GT,2024,5,3,6,5*,-,7,85.71,0,0,1,0,1,0
20590,Noor Ahmad,GT,Career,23,3,13,7*,3.25,18,72.22,0,0,2,0,7,0
20590,Noor Ahmad,GT,2024,10,2,5,4,2.50,9,55.56,0,0,1,0,5,0
20590,Noor Ahmad,GT,2023,13,1,8,7*,4.00,9,88.89,0,0,1,0,2,0
7123,Sai Kishore,GT,Career,10,1,13,13,13.00,6,216.67,0,0,0,2,5,0
7123,Sai Kishore,GT,2024,5,1,13,13,13.00,6,216.67,0,0,0,2,2,0
7123,Sai Kishore,GT,2022,5,0,0,0,-,,-,0,0,0,0,3,0
59,Umesh Yadav,GT,Career,148,31,208,24*,9.90,201,103.48,0,0,16,9,39,0
59,Umesh Yadav,GT,2024,7,1,12,10*,12.00,15,80.00,0,0,0,1,1,0
59,Umesh Yadav,GT,2023,8,3,19,6*,9.50,18,105.56,0,0,1,0,3,0
59,Umesh Yadav,GT,2022,12,3,55,21,13.75,40,137.50,0,0,4,4,5,0
59,Umesh Yadav,GT,2020,2,0,0,0*,0.00,2,0.00,0,0,0,0,0,0
59,Umesh Yadav,GT,2019,11,5,25,14,12.50,25,100.00,0,0,3,1,4,0
59,Umesh Yadav,GT,2018,14,1,3,1*,0.75,11,27.27,0,0,0,0,2,0
59,Umesh Yadav,GT,2017,14,4,10,4*,0.00,13,76.92,0,0,0,0,4,0
59,Umesh Yadav,GT,2016,9,1,9,7*,9.00,5,180.00,0,0,0,1,1,0
59,Umesh Yadav,GT,2015,12,3,29,24*,29.00,14,207.14,0,0,5,1,5,0
59,Umesh Yadav,GT,2014,12,0,2,2,2.00,4,50.00,0,0,0,0,2,0
59,Umesh Yadav,GT,2013,16,7,38,12*,38.00,38,100.00,0,0,3,1,5,0
59,Umesh Yadav,GT,2012,17,1,2,1*,1.00,7,28.57,0,0,0,0,3,0
59,Umesh Yadav,GT,2011,7,1,1,1*,1.00,5,20.00,0,0,0,0,3,0
59,Umesh Yadav,GT,2010,7,1,3,3*,0.00,4,75.00,0,0,0,0,1,0
2885,Rashid Khan,GT,Career,121,23,545,79*,14.73,337,161.72,0,1,39,38,42,0
2885,Rashid Khan,GT,2024,12,3,102,31,20.40,71,143.66,0,0,11,3,5,0
2885,Rashid Khan,GT,2023,17,5,130,79*,32.50,60,216.67,0,1,8,13,10,0
2885,Rashid Khan,GT,2022,16,4,91,40,22.75,44,206.82,0,0,3,9,7,0
2885,Rashid Khan,GT,2021,14,2,83,22,10.37,69,120.28,0,0,9,2,2,0
2885,Rashid Khan,GT,2020,16,3,35,14,8.75,30,116.66,0,0,3,2,3,0
2885,Rashid Khan,GT,2019,15,3,34,17*,6.80,23,147.82,0,0,2,2,4,0
2885,Rashid Khan,GT,2018,17,2,59,34*,11.80,31,190.32,0,0,3,6,6,0
2885,Rashid Khan,GT,2017,14,1,11,6*,5.50,9,122.22,0,0,0,1,5,0
5683,Joshua Little,GT,Career,11,0,0,0,-,,-,0,0,0,0,5,0
5683,Joshua Little,GT,2024,1,0,0,0,-,,-,0,0,0,0,0,0
5683,Joshua Little,GT,2023,10,0,0,0,-,,-,0,0,0,0,5,0
1107,Mohit Sharma,GT,Career,96,13,126,21*,7.88,128,98.44,0,0,8,4,26,0
1107,Mohit Sharma,GT,2024,12,1,4,4,2.00,15,26.67,0,0,0,0,4,0
1107,Mohit Sharma,GT,2023,14,1,0,0*,-,1,0.00,0,0,0,0,6,0
1107,Mohit Sharma,GT,2019,1,1,0,0*,0.00,2,0.00,0,0,0,0,0,0
1107,Mohit Sharma,GT,2018,9,3,10,4*,10.00,13,76.92,0,0,1,0,2,0
1107,Mohit Sharma,GT,2017,14,1,51,13,8.50,50,102.00,0,0,3,1,3,0
1107,Mohit Sharma,GT,2016,14,2,32,15,8.00,26,123.07,0,0,3,1,3,0
1107,Mohit Sharma,GT,2015,16,3,28,21*,9.33,18,155.55,0,0,1,2,5,0
1107,Mohit Sharma,GT,2014,16,1,1,1*,0.00,3,33.33,0,0,0,0,3,0
20692,Manav Suthar,GT,Career,1,0,1,1,1.00,2,50.00,0,0,0,0,0,0
20692,Manav Suthar,GT,2024,1,0,1,1,1.00,2,50.00,0,0,0,0,0,0
41,Shikhar Dhawan,PBKS,Career,222,29,6769,106*,35.26,5324,127.14,2,51,768,152,102,0
41,Shikhar Dhawan,PBKS,2024,5,0,152,70,30.40,121,125.62,0,1,18,4,3,0
41,Shikhar Dhawan,PBKS,2023,11,2,373,99*,41.44,261,142.91,0,3,49,12,4,0
41,Shikhar Dhawan,PBKS,2022,14,2,460,88*,38.33,375,122.67,0,3,47,12,10,0
41,Shikhar Dhawan,PBKS,2021,16,1,587,92,39.13,471,124.62,0,3,63,16,9,0
41,Shikhar Dhawan,PBKS,2020,17,3,618,106*,44.14,427,144.73,2,4,67,12,5,0
41,Shikhar Dhawan,PBKS,2019,16,1,521,97*,34.73,384,135.67,0,5,64,11,5,0
41,Shikhar Dhawan,PBKS,2018,16,3,497,92*,38.23,363,136.91,0,4,59,14,12,0
41,Shikhar Dhawan,PBKS,2017,14,1,479,77,36.84,376,127.39,0,3,53,9,7,0
41,Shikhar Dhawan,PBKS,2016,17,4,501,82*,38.53,429,116.78,0,4,51,8,5,0
41,Shikhar Dhawan,PBKS,2015,14,1,353,54,27.15,286,123.42,0,3,45,6,6,0
41,Shikhar Dhawan,PBKS,2014,14,1,377,64*,29.00,319,118.18,0,2,49,7,5,0
41,Shikhar Dhawan,PBKS,2013,10,2,311,73*,38.87,253,122.92,0,3,37,5,6,0
41,Shikhar Dhawan,PBKS,2012,15,1,569,84,40.64,439,129.61,0,5,58,18,5,0
41,Shikhar Dhawan,PBKS,2011,14,2,400,95*,33.33,310,129.03,0,2,47,7,6,0
41,Shikhar Dhawan,PBKS,2010,10,0,191,56,19.10,170,112.35,0,2,23,3,4,0
41,Shikhar Dhawan,PBKS,2009,5,0,40,22,10.00,45,88.88,0,0,3,0,2,0
41,Shikhar Dhawan,PBKS,2008,14,5,340,68*,37.77,295,115.25,0,4,35,8,8,0
3185,Jitesh Sharma,PBKS,Career,39,3,698,49*,21.81,468,149.15,0,0,51,43,25,4
3185,Jitesh Sharma,PBKS,2024,13,0,155,29,14.09,127,122.05,0,0,7,10,13,0
3185,Jitesh Sharma,PBKS,2023,14,1,309,49*,23.77,198,156.06,0,0,22,21,3,2
3185,Jitesh Sharma,PBKS,2022,12,2,234,44,29.25,143,163.64,0,0,22,12,9,2
506,Jonny Bairstow,PBKS,Career,50,4,1589,114,34.54,1100,144.45,2,9,166,69,28,4
506,Jonny Bairstow,PBKS,2024,11,1,298,108*,29.80,195,152.82,1,0,33,14,8,0
506,Jonny Bairstow,PBKS,2022,11,0,253,66,23.00,175,144.57,0,2,34,9,2,0
506,Jonny Bairstow,PBKS,2021,7,1,248,63*,41.33,175,141.71,0,2,20,15,2,1
506,Jonny Bairstow,PBKS,2020,11,0,345,97,31.36,272,126.83,0,3,31,13,7,1
506,Jonny Bairstow,PBKS,2019,10,2,445,114,55.62,283,157.24,1,2,48,18,9,2
5436,Prabhsimran Singh,PBKS,Career,33,0,685,103,20.76,472,145.13,1,2,71,37,4,0
5436,Prabhsimran Singh,PBKS,2024,13,0,263,54,20.23,168,156.55,0,1,27,16,1,0
5436,Prabhsimran Singh,PBKS,2023,14,0,358,103,25.57,238,150.42,1,1,38,19,1,0
5436,Prabhsimran Singh,PBKS,2022,1,0,14,14,14.00,11,127.27,0,0,2,0,0,0
5436,Prabhsimran Singh,PBKS,2021,2,0,19,12,9.50,23,82.60,0,0,1,1,0,0
5436,Prabhsimran Singh,PBKS,2020,2,0,15,11,7.50,15,100.00,0,0,2,0,1,0
5436,Prabhsimran Singh,PBKS,2019,1,0,16,16,16.00,17,94.11,0,0,1,1,1,0
3644,Liam Livingstone,PBKS,Career,39,6,939,94,28.45,578,162.46,0,6,66,66,18,0
3644,Liam Livingstone,PBKS,2024,7,2,111,38*,22.20,78,142.31,0,0,8,7,1,0
3644,Liam Livingstone,PBKS,2023,9,1,279,94,34.88,171,163.16,0,2,20,19,4,0
3644,Liam Livingstone,PBKS,2022,14,2,437,70,36.42,240,182.08,0,4,29,34,6,0
3644,Liam Livingstone,PBKS,2021,5,0,42,25,8.40,41,102.43,0,0,3,1,3,0
3644,Liam Livingstone,PBKS,2019,4,1,70,44,23.33,48,145.83,0,0,6,5,4,0
5879,Harpreet Bhatia,PBKS,Career,9,1,123,41,15.38,119,103.36,0,0,10,3,3,0
5879,Harpreet Bhatia,PBKS,2024,2,0,27,14,13.50,34,79.41,0,0,2,0,0,0
5879,Harpreet Bhatia,PBKS,2023,3,0,76,41,25.33,59,128.81,0,0,8,3,1,0
5879,Harpreet Bhatia,PBKS,2012,1,0,6,6,6.00,6,100.00,0,0,0,0,0,0
5879,Harpreet Bhatia,PBKS,2011,2,1,14,13,14.00,20,70.00,0,0,0,0,2,0
5879,Harpreet Bhatia,PBKS,2010,1,0,0,0,0.00,0,0.00,0,0,0,0,0,0
239,Rilee Rossouw,PBKS,Career,21,2,424,82*,22.32,284,149.30,0,2,42,21,9,0
239,Rilee Rossouw,PBKS,2024,7,0,162,61,23.14,92,176.09,0,1,22,7,4,0
239,Rilee Rossouw,PBKS,2023,9,2,209,82*,29.86,141,148.23,0,1,17,11,3,0
239,Rilee Rossouw,PBKS,2015,2,0,14,14,7.00,10,140.00,0,0,1,1,2,0
239,Rilee Rossouw,PBKS,2014,3,0,39,24,13.00,41,95.12,0,0,2,2,0,0
3261,Shashank Singh,PBKS,Career,23,7,421,68*,38.27,258,163.18,0,2,33,25,9,0
3261,Shashank Singh,PBKS,2024,13,6,352,68*,50.29,211,166.82,0,2,28,21,6,0
3261,Shashank Singh,PBKS,2022,10,1,69,25*,17.25,47,146.81,0,0,5,4,3,0
967,Chris Woakes,PBKS,Career,21,6,78,18,13.00,77,101.30,0,0,7,2,7,0
967,Chris Woakes,PBKS,2021,3,1,15,15*,0.00,11,136.36,0,0,2,0,0,0
967,Chris Woakes,PBKS,2018,5,2,17,11,8.50,19,89.47,0,0,1,1,1,0
967,Chris Woakes,PBKS,2017,13,3,46,18,11.50,47,97.87,0,0,4,1,6,0
20704,Vishwanath Pratap Singh,PBKS,-,-,-,-,-,-,-,-,-,-,-,-,-,-
20703,Ashutosh Sharma,PBKS,Career,10,2,187,61,31.17,110,170.00,0,1,10,15,2,0
20703,Ashutosh Sharma,PBKS,2024,10,2,187,61,31.17,110,170.00,0,1,10,15,2,0
20705,Tanay Thyagarajann,PBKS,-,-,-,-,-,-,-,-,-,-,-,-,-,-
20603,Atharva Taide,PBKS,Career,8,0,201,66,25.13,141,142.55,0,2,22,6,5,0
20603,Atharva Taide,PBKS,2024,1,0,15,15,15.00,12,125.00,0,0,2,0,0,0
20603,Atharva Taide,PBKS,2023,7,0,186,66,26.57,129,144.19,0,2,20,6,5,0
1088,Rishi Dhawan,PBKS,Career,38,13,210,25*,19.09,187,112.30,0,0,18,7,11,0
1088,Rishi Dhawan,PBKS,2023,6,1,20,19,10.00,12,166.67,0,0,1,1,3,0
1088,Rishi Dhawan,PBKS,2022,6,2,37,21*,18.50,40,92.50,0,0,4,2,2,0
1088,Rishi Dhawan,PBKS,2016,2,2,14,11*,0.00,6,233.33,0,0,0,1,0,0
1088,Rishi Dhawan,PBKS,2015,5,3,36,25*,18.00,33,109.09,0,0,2,2,0,0
1088,Rishi Dhawan,PBKS,2014,13,4,82,23*,41.00,75,109.33,0,0,8,1,3,0
1088,Rishi Dhawan,PBKS,2013,6,1,21,14,7.00,21,100.00,0,0,3,0,3,0
2939,Sam Curran,PBKS,Career,59,13,883,63,25.23,647,136.48,0,5,74,37,22,0
2939,Sam Curran,PBKS,2024,13,2,270,63,27.00,219,123.29,0,2,24,6,7,0
2939,Sam Curran,PBKS,2023,14,3,276,55,27.60,203,135.96,0,1,20,13,5,0
2939,Sam Curran,PBKS,2021,9,1,56,34,18.66,29,193.10,0,0,5,3,1,0
2939,Sam Curran,PBKS,2020,14,3,186,52,23.25,141,131.91,0,1,12,12,7,0
2939,Sam Curran,PBKS,2019,9,4,95,55*,23.75,55,172.72,0,1,13,3,2,0
5603,Sikandar Raza,PBKS,Career,9,2,182,57,26.00,136,133.82,0,1,12,8,5,0
5603,Sikandar Raza,PBKS,2024,2,0,43,28,21.50,38,113.16,0,0,2,2,0,0
5603,Sikandar Raza,PBKS,2023,7,2,139,57,27.80,98,141.84,0,1,10,6,5,0
5693,Shivam singh,PBKS,-,-,-,-,-,-,-,-,-,-,-,-,-,-
20709,Prince Choudhary,PBKS,-,-,-,-,-,-,-,-,-,-,-,-,-,-
5441,Harpreet Brar,PBKS,Career,40,13,233,29,21.18,190,122.63,0,0,19,9,14,0
5441,Harpreet Brar,PBKS,2024,12,5,75,29,37.50,54,138.89,0,0,8,2,7,0
5441,Harpreet Brar,PBKS,2023,13,2,52,17*,8.67,41,126.83,0,0,5,2,2,0
5441,Harpreet Brar,PBKS,2022,5,0,22,14,7.33,25,88.00,0,0,1,2,3,0
5441,Harpreet Brar,PBKS,2021,7,5,64,25*,0.00,58,110.34,0,0,3,2,2,0
5441,Harpreet Brar,PBKS,2020,1,0,0,0,0.00,0,0.00,0,0,0,0,0,0
5441,Harpreet Brar,PBKS,2019,2,1,20,20*,0.00,12,166.66,0,0,2,1,0,0
4698,Arshdeep Singh,PBKS,Career,64,7,29,10*,5.80,40,72.50,0,0,4,0,11,0
4698,Arshdeep Singh,PBKS,2024,13,0,4,4,4.00,3,133.33,0,0,1,0,0,0
4698,Arshdeep Singh,PBKS,2023,14,2,2,2*,-,2,100.00,0,0,0,0,1,0
4698,Arshdeep Singh,PBKS,2022,14,3,21,10*,7.00,29,72.41,0,0,3,0,4,0
4698,Arshdeep Singh,PBKS,2021,12,2,2,1*,0.00,3,66.66,0,0,0,0,4,0
4698,Arshdeep Singh,PBKS,2020,8,0,0,0*,0.00,3,0.00,0,0,0,0,2,0
4698,Arshdeep Singh,PBKS,2019,3,0,0,0,0.00,0,0.00,0,0,0,0,0,0
1664,Kagiso Rabada,PBKS,Career,80,13,206,44,11.44,193,106.74,0,0,16,8,30,0
1664,Kagiso Rabada,PBKS,2024,11,2,20,11*,20.00,14,142.86,0,0,0,2,5,0
1664,Kagiso Rabada,PBKS,2023,6,1,0,0,0.00,2,0.00,0,0,0,0,0,0
1664,Kagiso Rabada,PBKS,2022,13,3,48,25,9.60,43,111.63,0,0,5,2,2,0
1664,Kagiso Rabada,PBKS,2021,15,2,13,9*,13.00,6,216.66,0,0,2,0,9,0
1664,Kagiso Rabada,PBKS,2020,17,4,56,15*,14.00,49,114.28,0,0,4,2,8,0
1664,Kagiso Rabada,PBKS,2019,12,1,14,9,4.66,15,93.33,0,0,0,1,6,0
1664,Kagiso Rabada,PBKS,2017,6,0,55,44,18.33,64,85.93,0,0,5,1,0,0
17118,Nathan Ellis,PBKS,Career,16,1,19,12,4.75,25,76.00,0,0,0,1,3,0
17118,Nathan Ellis,PBKS,2024,1,0,0,0,-,,-,0,0,0,0,0,0
17118,Nathan Ellis,PBKS,2023,10,0,1,1,0.50,7,14.29,0,0,0,0,2,0
17118,Nathan Ellis,PBKS,2022,2,0,0,0,0.00,2,0.00,0,0,0,0,1,0
17118,Nathan Ellis,PBKS,2021,3,1,18,12,18.00,16,112.50,0,0,0,1,0,0
3763,Rahul Chahar,PBKS,Career,77,8,129,25*,8.06,124,104.03,0,0,13,5,23,0
3763,Rahul Chahar,PBKS,2024,8,1,21,16,21.00,15,140.00,0,0,3,1,3,0
3763,Rahul Chahar,PBKS,2023,14,1,0,0,0.00,9,0.00,0,0,0,0,4,0
3763,Rahul Chahar,PBKS,2022,13,2,77,25*,12.83,68,113.24,0,0,7,4,5,0
3763,Rahul Chahar,PBKS,2021,11,0,14,8,2.80,15,93.33,0,0,1,0,3,0
3763,Rahul Chahar,PBKS,2020,15,1,2,2*,0.00,4,50.00,0,0,0,0,4,0
3763,Rahul Chahar,PBKS,2019,13,2,12,10,6.00,11,109.09,0,0,2,0,3,0
3763,Rahul Chahar,PBKS,2017,3,1,3,3*,0.00,2,150.00,0,0,0,0,1,0
5656,Vidwath Kaverappa,PBKS,Career,1,0,0,0,-,,-,0,0,0,0,0,0
5656,Vidwath Kaverappa,PBKS,2024,1,0,0,0,-,,-,0,0,0,0,0,0
157,Harshal Patel,PBKS,Career,104,15,249,36*,9.22,203,122.66,0,0,16,15,25,0
157,Harshal Patel,PBKS,2024,13,1,13,12,4.33,19,68.42,0,0,1,1,5,0
157,Harshal Patel,PBKS,2023,13,0,6,6,3.00,6,100.00,0,0,0,1,2,0
157,Harshal Patel,PBKS,2022,15,3,43,11,8.60,39,110.26,0,0,4,2,3,0
157,Harshal Patel,PBKS,2021,15,4,59,31,14.75,46,128.26,0,0,6,2,3,0
157,Harshal Patel,PBKS,2020,5,0,21,16,10.50,24,87.50,0,0,2,0,1,0
157,Harshal Patel,PBKS,2019,2,1,0,0*,0.00,2,0.00,0,0,0,0,0,0
157,Harshal Patel,PBKS,2018,5,1,60,36*,60.00,33,181.81,0,0,1,6,0,0
157,Harshal Patel,PBKS,2017,1,0,0,0,0.00,0,0.00,0,0,0,0,0,0
157,Harshal Patel,PBKS,2016,5,1,0,0,0.00,0,0.00,0,0,0,0,2,0
157,Harshal Patel,PBKS,2015,15,2,19,9*,3.80,12,158.33,0,0,0,2,1,0
157,Harshal Patel,PBKS,2014,3,1,13,6,6.50,7,185.71,0,0,1,1,0,0
157,Harshal Patel,PBKS,2012,12,1,15,10,7.50,15,100.00,0,0,1,0,8,0
1563,Shreyas Iyer,KKR,Career,113,16,3063,96,31.58,2426,126.26,0,20,265,109,48,0
1563,Shreyas Iyer,KKR,2024,12,3,287,50,31.89,212,135.38,0,1,28,10,9,0
1563,Shreyas Iyer,KKR,2022,14,1,401,85,30.85,298,134.56,0,3,41,11,5,0
1563,Shreyas Iyer,KKR,2021,8,3,175,47*,35.00,171,102.33,0,0,7,5,6,0
1563,Shreyas Iyer,KKR,2020,17,2,519,88*,34.60,421,123.27,0,3,40,16,6,0
1563,Shreyas Iyer,KKR,2019,16,1,463,67,30.86,386,119.94,0,3,41,14,8,0
1563,Shreyas Iyer,KKR,2018,14,3,411,93*,37.36,310,132.58,0,4,29,21,5,0
1563,Shreyas Iyer,KKR,2017,12,2,338,96,33.80,243,139.09,0,2,36,10,3,0
1563,Shreyas Iyer,KKR,2016,6,0,30,19,5.00,43,69.76,0,0,2,1,4,0
1563,Shreyas Iyer,KKR,2015,14,1,439,83,33.76,342,128.36,0,4,41,21,2,0
3830,Rinku Singh,KKR,Career,43,11,893,67*,30.79,623,143.34,0,4,67,46,29,0
3830,Rinku Singh,KKR,2024,12,2,168,26,18.67,113,148.67,0,0,13,8,6,0
3830,Rinku Singh,KKR,2023,14,6,474,67*,59.25,317,149.53,0,4,31,29,8,0
3830,Rinku Singh,KKR,2022,7,2,174,42*,34.80,117,148.72,0,0,17,7,9,0
3830,Rinku Singh,KKR,2020,1,0,11,11,11.00,11,100.00,0,0,1,0,1,0
3830,Rinku Singh,KKR,2019,5,1,37,30,18.50,34,108.82,0,0,1,2,1,0
3830,Rinku Singh,KKR,2018,4,0,29,16,7.25,31,93.54,0,0,4,0,4,0
20625,Rahmanullah Gurbaz,KKR,Career,11,0,227,81,20.64,170,133.53,0,2,17,15,10,0
20625,Rahmanullah Gurbaz,KKR,2023,11,0,227,81,20.64,170,133.53,0,2,17,15,10,0
2738,Nitish Rana,KKR,Career,107,9,2636,87,28.65,1952,135.04,0,18,234,132,24,0
2738,Nitish Rana,KKR,2024,2,0,42,33,21.00,34,123.53,0,0,5,1,0,0
2738,Nitish Rana,KKR,2023,14,1,413,75,31.77,293,140.96,0,3,39,20,3,0
2738,Nitish Rana,KKR,2022,14,1,361,57,27.77,251,143.82,0,2,29,22,6,0
2738,Nitish Rana,KKR,2021,17,3,383,80,29.46,314,121.97,0,2,34,17,4,0
2738,Nitish Rana,KKR,2020,14,0,352,87,25.14,254,138.58,0,3,43,12,2,0
2738,Nitish Rana,KKR,2019,14,1,344,85*,34.40,235,146.38,0,3,27,21,3,0
2738,Nitish Rana,KKR,2018,15,2,304,59,23.38,232,131.03,0,1,26,14,2,0
2738,Nitish Rana,KKR,2017,13,1,333,62*,30.27,264,126.13,0,3,24,17,4,0
2738,Nitish Rana,KKR,2016,4,0,104,70,34.66,75,138.66,0,1,7,8,0,0
5396,Sherfane Rutherford,KKR,Career,10,2,106,28*,15.14,104,101.92,0,0,3,8,5,0
5396,Sherfane Rutherford,KKR,2022,3,0,33,28,16.50,50,66.00,0,0,1,1,0,0
5396,Sherfane Rutherford,KKR,2019,7,2,73,28*,14.60,54,135.18,0,0,2,7,5,0
5606,Phil Salt,KKR,Career,21,2,653,89*,34.37,372,175.54,0,6,74,34,17,0
5606,Phil Salt,KKR,2024,12,1,435,89*,39.55,239,182.01,0,4,50,24,12,0
5606,Phil Salt,KKR,2023,9,1,218,87,27.25,133,163.91,0,2,24,10,5,0
2734,K.S Bharat,KKR,Career,10,2,199,78*,28.43,163,122.09,0,1,12,8,4,1
2734,K.S Bharat,KKR,2022,2,0,8,8,4.00,7,114.29,0,0,2,0,0,0
2734,K.S Bharat,KKR,2021,8,2,191,78*,38.20,156,122.43,0,1,10,8,4,1
123,Manish Pandey,KKR,Career,171,27,3850,114*,29.17,3179,121.11,1,22,335,110,86,0
123,Manish Pandey,KKR,2024,1,0,42,42,42.00,31,135.48,0,0,2,2,4,0
123,Manish Pandey,KKR,2023,10,0,160,50,17.78,146,109.59,0,1,15,3,3,0
123,Manish Pandey,KKR,2022,6,0,88,38,14.67,80,110.00,0,0,9,2,3,0
123,Manish Pandey,KKR,2021,8,2,292,69*,48.66,236,123.72,0,3,21,10,5,0
123,Manish Pandey,KKR,2020,16,2,425,83*,32.69,333,127.62,0,3,35,18,7,0
123,Manish Pandey,KKR,2019,12,3,344,83*,43.00,263,130.79,0,3,34,6,7,0
123,Manish Pandey,KKR,2018,15,2,284,62*,25.81,246,115.44,0,3,22,5,9,0
123,Manish Pandey,KKR,2017,14,5,396,81*,49.50,308,128.57,0,2,28,12,8,0
123,Manish Pandey,KKR,2016,12,3,248,52,31.00,183,135.51,0,2,17,9,7,0
123,Manish Pandey,KKR,2015,13,1,225,40,20.45,184,122.28,0,0,22,7,5,0
123,Manish Pandey,KKR,2014,16,3,401,94,30.84,340,117.94,0,2,35,10,3,0
123,Manish Pandey,KKR,2013,7,1,136,66,22.66,137,99.27,0,1,11,3,6,0
123,Manish Pandey,KKR,2012,10,2,143,80*,20.42,112,127.67,0,1,12,6,3,0
123,Manish Pandey,KKR,2011,10,0,246,59,27.33,227,108.37,0,1,28,6,5,0
123,Manish Pandey,KKR,2010,13,1,249,42*,20.75,226,110.17,0,0,27,7,7,0
123,Manish Pandey,KKR,2009,5,2,168,114*,84.00,118,142.37,1,0,17,4,4,0
123,Manish Pandey,KKR,2008,3,0,3,3,1.50,9,33.33,0,0,0,0,0,0
20690,Angkrish Raghuvanshi,KKR,Career,10,0,163,54,23.29,105,155.24,0,1,16,8,4,0
20690,Angkrish Raghuvanshi,KKR,2024,10,0,163,54,23.29,105,155.24,0,1,16,8,4,0
3774,Anukul Roy,KKR,Career,9,3,26,13*,8.67,24,108.33,0,0,3,0,5,0
3774,Anukul Roy,KKR,2024,3,1,3,3*,-,3,100.00,0,0,0,0,0,0
3774,Anukul Roy,KKR,2023,4,2,23,13*,11.50,19,121.05,0,0,3,0,4,0
3774,Anukul Roy,KKR,2022,2,0,0,0,0.00,2,0.00,0,0,0,0,1,0
20595,Ramandeep Singh,KKR,Career,17,7,170,35,28.33,102,166.67,0,0,8,13,8,0
20595,Ramandeep Singh,KKR,2024,12,5,125,35,31.25,62,201.61,0,0,5,12,7,0
20595,Ramandeep Singh,KKR,2022,5,2,45,14*,22.50,40,112.50,0,0,3,1,1,0
177,Andre Russell,KKR,Career,124,20,2484,88*,29.22,1420,174.93,0,11,170,209,34,0
177,Andre Russell,KKR,2024,12,2,222,64*,31.71,120,185.00,0,1,20,16,2,0
177,Andre Russell,KKR,2023,14,3,227,42,20.64,156,145.51,0,0,13,18,6,0
177,Andre Russell,KKR,2022,14,3,335,70*,37.22,192,174.48,0,1,18,32,2,0
177,Andre Russell,KKR,2021,10,2,183,54,26.14,120,152.50,0,1,14,14,2,0
177,Andre Russell,KKR,2020,10,0,117,25,13.00,81,144.44,0,0,9,9,2,0
177,Andre Russell,KKR,2019,14,4,510,80*,56.66,249,204.81,0,4,31,52,4,0
177,Andre Russell,KKR,2018,16,3,316,88*,28.72,171,184.79,0,1,17,31,8,0
177,Andre Russell,KKR,2016,12,1,188,39*,26.85,114,164.91,0,0,10,15,2,0
177,Andre Russell,KKR,2015,13,2,326,66,36.22,169,192.89,0,3,35,19,6,0
177,Andre Russell,KKR,2014,2,0,2,1,1.00,8,25.00,0,0,0,0,0,0
177,Andre Russell,KKR,2013,3,0,11,7,5.50,14,78.57,0,0,0,0,0,0
177,Andre Russell,KKR,2012,4,0,47,31,23.50,26,180.76,0,0,3,3,0,0
8540,Venkatesh Iyer,KKR,Career,48,5,1223,104,29.12,913,133.95,1,9,112,54,18,0
8540,Venkatesh Iyer,KKR,2024,12,3,267,70,33.38,179,149.16,0,2,26,12,4,0
8540,Venkatesh Iyer,KKR,2023,14,0,404,104,28.86,277,145.85,1,2,32,21,3,0
8540,Venkatesh Iyer,KKR,2022,12,1,182,50*,16.55,169,107.69,0,1,17,7,4,0
8540,Venkatesh Iyer,KKR,2021,10,1,370,67,41.11,288,128.47,0,4,37,14,7,0
5668,Suyash Sharma,KKR,Career,13,0,0,0,-,,-,0,0,0,0,1,0
5668,Suyash Sharma,KKR,2024,2,0,0,0,-,,-,0,0,0,0,1,0
5668,Suyash Sharma,KKR,2023,11,0,0,0,-,,-,0,0,0,0,0,0
20725,Allah Ghazanfar,KKR,-,-,-,-,-,-,-,-,-,-,-,-,-,-
817,Dushmantha Chameera,KKR,Career,13,4,43,17,10.75,28,153.57,0,0,3,3,2,0
817,Dushmantha Chameera,KKR,2024,1,0,0,0,-,,-,0,0,0,0,0,0
817,Dushmantha Chameera,KKR,2022,12,4,43,17,10.75,28,153.57,0,0,3,3,2,0
20717,Sakib Hussain,KKR,-,-,-,-,-,-,-,-,-,-,-,-,-,-
20626,Harshit Rana,KKR,Career,18,1,2,2,1.00,3,66.67,0,0,0,0,6,0
20626,Harshit Rana,KKR,2024,10,0,0,0,-,,-,0,0,0,0,4,0
20626,Harshit Rana,KKR,2023,6,0,0,0,0.00,1,0.00,0,0,0,0,2,0
20626,Harshit Rana,KKR,2022,2,1,2,2,2.00,2,100.00,0,0,0,0,0,0
203,Sunil Narine,KKR,Career,174,20,1507,109,17.13,907,166.15,1,7,160,96,32,0
203,Sunil Narine,KKR,2024,12,0,461,109,38.42,252,182.94,1,3,46,32,7,0
203,Sunil Narine,KKR,2023,14,3,21,7*,3.00,25,84.00,0,0,2,1,1,0
203,Sunil Narine,KKR,2022,14,2,71,22,8.88,40,177.50,0,0,6,6,3,0
203,Sunil Narine,KKR,2021,14,2,62,26,7.75,47,131.91,0,0,3,5,2,0
203,Sunil Narine,KKR,2020,10,0,121,64,13.44,85,142.35,0,1,10,8,2,0
203,Sunil Narine,KKR,2019,12,1,143,47,17.87,86,166.27,0,0,17,9,0,0
203,Sunil Narine,KKR,2018,16,0,357,75,22.31,188,189.89,0,2,40,23,1,0
203,Sunil Narine,KKR,2017,16,1,224,54,17.23,130,172.30,0,1,34,10,4,0
203,Sunil Narine,KKR,2016,11,3,7,4,7.00,13,53.84,0,0,0,0,2,0
203,Sunil Narine,KKR,2015,8,1,0,0*,0.00,1,0.00,0,0,0,0,1,0
203,Sunil Narine,KKR,2014,16,3,10,6,5.00,14,71.42,0,0,0,0,2,0
203,Sunil Narine,KKR,2013,16,3,21,13,7.00,19,110.52,0,0,0,2,6,0
203,Sunil Narine,KKR,2012,15,1,9,9*,9.00,7,128.57,0,0,2,0,1,0
14859,Vaibhav Arora,KKR,Career,18,6,9,2,4.50,16,56.25,0,0,0,0,5,0
14859,Vaibhav Arora,KKR,2024,8,2,1,1*,-,1,100.00,0,0,0,0,1,0
14859,Vaibhav Arora,KKR,2023,5,2,3,2*,-,2,150.00,0,0,0,0,3,0
14859,Vaibhav Arora,KKR,2022,5,2,5,2,2.50,13,38.46,0,0,0,0,1,0
5432,Varun Chakaravarthy,KKR,Career,68,8,25,10*,6.25,46,54.35,0,0,2,0,14,0
5432,Varun Chakaravarthy,KKR,2024,12,0,0,0,-,,-,0,0,0,0,4,0
5432,Varun Chakaravarthy,KKR,2023,14,1,1,1,1.00,9,11.11,0,0,0,0,4,0
5432,Varun Chakaravarthy,KKR,2022,11,4,12,10*,-,18,66.67,0,0,2,0,2,0
5432,Varun Chakaravarthy,KKR,2021,17,2,2,2*,2.00,4,50.00,0,0,0,0,1,0
5432,Varun Chakaravarthy,KKR,2020,13,1,10,7*,5.00,15,66.66,0,0,0,0,3,0
5432,Varun Chakaravarthy,KKR,2019,1,0,0,0,0.00,0,0.00,0,0,0,0,0,0
490,Mitchell Starc,KKR,Career,38,8,105,29,11.67,109,96.33,0,0,11,0,20,0
490,Mitchell Starc,KKR,2024,11,3,9,6*,4.50,11,81.82,0,0,1,0,4,0
490,Mitchell Starc,KKR,2015,13,2,11,9*,11.00,14,78.57,0,0,1,0,7,0
490,Mitchell Starc,KKR,2014,14,3,85,29,14.16,84,101.19,0,0,9,0,9,0
11062,Chetan Sakariya,KKR,Career,19,2,20,7,3.33,31,64.52,0,0,3,0,6,0
11062,Chetan Sakariya,KKR,2023,2,1,4,4,4.00,6,66.67,0,0,1,0,0,0
11062,Chetan Sakariya,KKR,2022,3,0,0,0,-,,-,0,0,0,0,2,0
11062,Chetan Sakariya,KKR,2021,14,1,16,7,3.20,25,64.00,0,0,2,0,4,0
19352,Abdul Samad,SRH,Career,46,9,546,37*,20.22,370,147.57,0,0,37,33,25,0
19352,Abdul Samad,SRH,2024,12,1,151,37*,21.57,83,181.93,0,0,15,8,7,0
19352,Abdul Samad,SRH,2023,9,4,169,37*,42.25,128,132.03,0,0,10,11,4,0
19352,Abdul Samad,SRH,2022,2,0,4,4,2.00,7,57.14,0,0,0,0,1,0
19352,Abdul Samad,SRH,2021,11,1,111,28,12.33,87,127.58,0,0,4,8,8,0
19352,Abdul Samad,SRH,2020,12,3,111,33,22.20,65,170.76,0,0,8,6,5,0
1667,Aiden Markram,SRH,Career,42,9,974,68*,31.42,742,131.27,0,5,70,35,24,0
1667,Aiden Markram,SRH,2024,9,2,199,50,28.43,152,130.92,0,1,15,4,4,0
1667,Aiden Markram,SRH,2023,13,2,248,50,22.55,197,125.89,0,1,18,8,11,0
1667,Aiden Markram,SRH,2022,14,4,381,68*,47.63,274,139.05,0,3,25,19,6,0
1667,Aiden Markram,SRH,2021,6,1,146,42,29.20,119,122.68,0,0,12,4,3,0
3838,Rahul Tripathi,SRH,Career,91,11,2102,93,26.95,1524,137.93,0,11,206,79,32,0
3838,Rahul Tripathi,SRH,2024,2,0,31,20,15.50,34,91.18,0,0,1,1,1,0
3838,Rahul Tripathi,SRH,2023,13,1,273,74*,22.75,213,128.17,0,1,29,10,2,0
3838,Rahul Tripathi,SRH,2022,14,3,413,76,37.55,261,158.24,0,3,40,20,6,0
3838,Rahul Tripathi,SRH,2021,17,2,397,74*,28.35,283,140.28,0,2,41,11,8,0
3838,Rahul Tripathi,SRH,2020,11,1,230,81,23.00,181,127.07,0,1,21,10,3,0
3838,Rahul Tripathi,SRH,2019,8,1,141,50,23.50,118,119.49,0,1,13,2,3,0
3838,Rahul Tripathi,SRH,2018,12,3,226,80*,25.11,167,135.32,0,1,18,8,4,0
3838,Rahul Tripathi,SRH,2017,14,0,391,93,27.92,267,146.44,0,2,43,17,5,0
3027,Glenn Phillips,SRH,Career,8,1,65,25,9.29,55,118.18,0,0,3,6,3,0
3027,Glenn Phillips,SRH,2023,5,0,39,25,7.80,22,177.27,0,0,2,4,2,0
3027,Glenn Phillips,SRH,2021,3,1,26,14*,13.00,33,78.78,0,0,1,2,1,0
158,Mayank Agarwal,SRH,Career,127,4,2661,106,22.74,2000,133.05,1,13,263,98,58,0
158,Mayank Agarwal,SRH,2024,4,0,64,32,16.00,57,112.28,0,0,8,1,2,0
158,Mayank Agarwal,SRH,2023,10,0,270,83,27.00,210,128.57,0,1,29,6,6,0
158,Mayank Agarwal,SRH,2022,13,0,196,52,16.33,160,122.50,0,1,23,6,10,0
158,Mayank Agarwal,SRH,2021,12,1,441,99*,40.09,314,140.44,0,4,42,18,5,0
158,Mayank Agarwal,SRH,2020,11,0,424,106,38.54,271,156.45,1,2,44,15,6,0
158,Mayank Agarwal,SRH,2019,13,0,332,58,25.53,234,141.88,0,2,26,14,7,0
158,Mayank Agarwal,SRH,2018,11,1,120,30,12.00,94,127.65,0,0,9,5,2,0
158,Mayank Agarwal,SRH,2017,3,0,26,20,8.66,27,96.29,0,0,3,0,1,0
158,Mayank Agarwal,SRH,2016,3,0,27,10,9.00,25,108.00,0,0,3,1,0,0
158,Mayank Agarwal,SRH,2015,10,1,213,68,23.66,177,120.33,0,2,23,7,3,0
158,Mayank Agarwal,SRH,2014,8,0,115,31,14.37,91,126.37,0,0,12,3,1,0
158,Mayank Agarwal,SRH,2013,5,0,67,29,13.40,62,108.06,0,0,6,3,3,0
158,Mayank Agarwal,SRH,2012,16,1,225,64*,20.45,158,142.40,0,1,19,15,9,0
158,Mayank Agarwal,SRH,2011,8,0,141,41,20.14,120,117.50,0,0,16,4,3,0
3869,Heinrich Klaasen,SRH,Career,31,6,853,104,38.77,492,173.37,1,5,49,57,12,7
3869,Heinrich Klaasen,SRH,2024,12,3,339,80*,42.38,182,186.26,0,3,12,31,6,2
3869,Heinrich Klaasen,SRH,2023,12,2,448,104,49.78,253,177.08,1,2,32,25,3,1
3869,Heinrich Klaasen,SRH,2019,3,0,9,6,4.50,10,90.00,0,0,0,0,0,0
3869,Heinrich Klaasen,SRH,2018,4,1,57,32,19.00,47,121.27,0,0,5,1,3,4
2965,Anmolpreet Singh,SRH,Career,9,0,139,36,15.44,115,120.87,0,0,19,3,1,0
2965,Anmolpreet Singh,SRH,2024,2,0,5,5,2.50,6,83.33,0,0,1,0,0,0
2965,Anmolpreet Singh,SRH,2023,4,0,105,36,26.25,82,128.05,0,0,15,2,1,0
2965,Anmolpreet Singh,SRH,2022,2,0,13,8,6.50,13,100.00,0,0,1,0,0,0
2965,Anmolpreet Singh,SRH,2021,1,0,16,16,16.00,14,114.28,0,0,2,1,0,0
5621,Upendra Singh Yadav,SRH,-,-,-,-,-,-,-,-,-,-,-,-,-,-
1020,Travis Head,SRH,Career,21,4,738,102,43.41,412,179.13,1,5,73,39,2,0
1020,Travis Head,SRH,2024,11,1,533,102,53.30,264,201.89,1,4,61,31,0,0
1020,Travis Head,SRH,2017,7,2,151,75*,30.20,108,139.81,0,1,9,6,2,0
1020,Travis Head,SRH,2016,3,1,54,37,27.00,40,135.00,0,0,3,2,0,0
3760,Abhishek Sharma,SRH,Career,59,7,1294,75*,25.88,845,153.14,0,6,122,66,16,0
3760,Abhishek Sharma,SRH,2024,12,1,401,75*,36.45,195,205.64,0,2,30,35,5,0
3760,Abhishek Sharma,SRH,2023,11,0,226,67,20.55,157,143.95,0,2,28,6,4,0
3760,Abhishek Sharma,SRH,2022,14,0,426,75,30.43,320,133.13,0,2,47,13,1,0
3760,Abhishek Sharma,SRH,2021,8,1,98,33,16.33,75,130.66,0,0,7,4,2,0
3760,Abhishek Sharma,SRH,2020,8,2,71,31,14.20,56,126.78,0,0,6,3,1,0
3760,Abhishek Sharma,SRH,2019,3,1,9,5*,4.50,9,100.00,0,0,1,0,2,0
3760,Abhishek Sharma,SRH,2018,3,2,63,46*,63.00,33,190.90,0,0,3,5,1,0
17068,Marco Jansen,SRH,Career,21,6,66,17*,9.43,66,100.00,0,0,5,2,13,0
17068,Marco Jansen,SRH,2024,3,1,18,17,18.00,13,138.46,0,0,1,1,6,0
17068,Marco Jansen,SRH,2023,8,3,39,17*,13.00,43,90.70,0,0,4,0,3,0
17068,Marco Jansen,SRH,2022,8,2,9,8*,9.00,7,128.57,0,0,0,1,3,0
17068,Marco Jansen,SRH,2021,2,0,0,0*,0.00,3,0.00,0,0,0,0,1,0
2973,Washington Sundar,SRH,Career,60,13,378,40,14.00,325,116.31,0,0,32,9,12,0
2973,Washington Sundar,SRH,2024,2,1,0,0,0.00,1,0.00,0,0,0,0,0,0
2973,Washington Sundar,SRH,2023,7,1,60,24*,15.00,60,100.00,0,0,6,0,2,0
2973,Washington Sundar,SRH,2022,9,0,101,40,14.43,69,146.38,0,0,9,3,1,0
2973,Washington Sundar,SRH,2021,6,0,31,10,7.75,47,65.95,0,0,2,0,2,0
2973,Washington Sundar,SRH,2020,15,3,111,30,18.50,95,116.84,0,0,10,2,0,0
2973,Washington Sundar,SRH,2019,3,0,1,1,0.50,3,33.33,0,0,0,0,2,0
2973,Washington Sundar,SRH,2018,7,3,65,35,21.66,38,171.05,0,0,5,4,0,0
2973,Washington Sundar,SRH,2017,11,5,9,5*,9.00,12,75.00,0,0,0,0,5,0
5616,Sanvir Singh,SRH,Career,4,2,19,8*,19.00,16,118.75,0,0,1,1,1,0
5616,Sanvir Singh,SRH,2024,2,1,8,8*,-,7,114.29,0,0,0,0,1,0
5616,Sanvir Singh,SRH,2023,2,1,11,7,11.00,9,122.22,0,0,1,1,0,0
5711,Nitish Kumar Reddy,SRH,Career,11,2,239,76*,47.80,157,152.23,0,2,12,17,6,0
5711,Nitish Kumar Reddy,SRH,2024,9,2,239,76*,47.80,157,152.23,0,2,12,17,5,0
5711,Nitish Kumar Reddy,SRH,2023,2,0,0,0,-,,-,0,0,0,0,1,0
3082,Wanindu Hasaranga,SRH,Career,26,4,72,18,7.20,73,98.63,0,0,7,1,3,0
3082,Wanindu Hasaranga,SRH,2023,8,3,33,12*,16.50,28,117.86,0,0,3,0,0,0
3082,Wanindu Hasaranga,SRH,2022,16,0,38,18,5.43,43,88.37,0,0,4,1,3,0
3082,Wanindu Hasaranga,SRH,2021,2,1,1,1*,1.00,2,50.00,0,0,0,0,0,0
488,Pat Cummins,SRH,Career,54,14,456,66*,19.00,296,154.05,0,3,28,31,15,0
488,Pat Cummins,SRH,2024,12,3,77,35*,19.25,47,163.83,0,0,4,5,7,0
488,Pat Cummins,SRH,2022,5,1,63,56*,15.75,24,262.50,0,1,5,6,1,0
488,Pat Cummins,SRH,2021,7,2,93,66*,31.00,56,166.07,0,1,5,8,2,0
488,Pat Cummins,SRH,2020,14,4,146,53*,20.85,114,128.07,0,1,9,8,3,0
488,Pat Cummins,SRH,2017,12,4,77,24,15.40,53,145.28,0,0,5,4,1,0
488,Pat Cummins,SRH,2015,3,0,0,0*,0.00,2,0.00,0,0,0,0,1,0
488,Pat Cummins,SRH,2014,1,0,0,0,0.00,0,0.00,0,0,0,0,0,0
12585,Akash Singh,SRH,Career,6,0,0,0,-,,-,0,0,0,0,1,0
12585,Akash Singh,SRH,2023,6,0,0,0,-,,-,0,0,0,0,1,0
13803,Shahbaz Ahamad,SRH,Career,51,9,507,59*,21.13,408,124.26,0,1,28,23,20,0
13803,Shahbaz Ahamad,SRH,2024,12,3,186,59*,37.20,134,138.81,0,1,7,11,2,0
13803,Shahbaz Ahamad,SRH,2023,10,2,42,20*,10.50,39,107.69,0,0,3,1,5,0
13803,Shahbaz Ahamad,SRH,2022,16,3,219,45,27.38,181,120.99,0,0,14,9,8,0
13803,Shahbaz Ahamad,SRH,2021,11,0,59,14,8.42,53,111.32,0,0,4,2,4,0
13803,Shahbaz Ahamad,SRH,2020,2,1,1,1*,0.00,1,100.00,0,0,0,0,1,0
116,Bhuvneshwar Kumar,SRH,Career,172,31,306,27,8.74,321,95.33,0,0,30,3,33,0
116,Bhuvneshwar Kumar,SRH,2024,12,1,23,13,11.50,24,95.83,0,0,3,0,1,0
116,Bhuvneshwar Kumar,SRH,2023,14,3,42,27,14.00,47,89.36,0,0,4,0,3,0
116,Bhuvneshwar Kumar,SRH,2022,14,3,24,8,8.00,26,92.31,0,0,3,0,2,0
116,Bhuvneshwar Kumar,SRH,2021,11,6,34,14*,34.00,30,113.33,0,0,3,0,0,0
116,Bhuvneshwar Kumar,SRH,2020,4,0,0,0*,0.00,2,0.00,0,0,0,0,0,0
116,Bhuvneshwar Kumar,SRH,2019,15,2,12,7*,4.00,19,63.15,0,0,1,0,4,0
116,Bhuvneshwar Kumar,SRH,2018,12,2,13,7,6.50,16,81.25,0,0,1,0,2,0
116,Bhuvneshwar Kumar,SRH,2017,14,1,4,4*,4.00,4,100.00,0,0,0,0,4,0
116,Bhuvneshwar Kumar,SRH,2016,17,2,43,21,7.16,27,159.25,0,0,6,1,6,0
116,Bhuvneshwar Kumar,SRH,2015,14,2,17,11*,17.00,10,170.00,0,0,2,1,5,0
116,Bhuvneshwar Kumar,SRH,2014,14,1,1,1,1.00,4,25.00,0,0,0,0,2,0
116,Bhuvneshwar Kumar,SRH,2013,16,2,52,24*,7.42,71,73.23,0,0,3,1,2,0
116,Bhuvneshwar Kumar,SRH,2012,11,6,40,11*,13.33,40,100.00,0,0,4,0,0,0
116,Bhuvneshwar Kumar,SRH,2011,4,0,1,1,0.00,1,0.00,0,0,0,0,2,0
20610,Fazalhaq Farooqi,SRH,Career,7,2,3,2*,-,13,23.08,0,0,0,0,1,0
20610,Fazalhaq Farooqi,SRH,2023,4,1,1,1*,-,5,20.00,0,0,0,0,1,0
20610,Fazalhaq Farooqi,SRH,2022,3,1,2,2*,-,8,25.00,0,0,0,0,0,0
86,Jaydev Unadkat,SRH,Career,103,16,188,26,13.43,153,122.88,0,0,15,7,26,0
86,Jaydev Unadkat,SRH,2024,9,2,15,8*,15.00,13,115.38,0,0,1,1,0,0
86,Jaydev Unadkat,SRH,2023,3,0,9,9,9.00,7,128.57,0,0,1,0,0,0
86,Jaydev Unadkat,SRH,2022,5,2,59,19*,19.67,37,159.46,0,0,4,3,1,0
86,Jaydev Unadkat,SRH,2021,6,1,41,24,20.50,29,141.37,0,0,3,2,1,0
86,Jaydev Unadkat,SRH,2020,7,0,9,9,9.00,13,69.23,0,0,0,0,1,0
86,Jaydev Unadkat,SRH,2019,11,3,1,1,1.00,3,33.33,0,0,0,0,4,0
86,Jaydev Unadkat,SRH,2018,15,3,49,26,12.25,38,128.94,0,0,6,1,6,0
86,Jaydev Unadkat,SRH,2017,12,2,2,2*,0.00,5,40.00,0,0,0,0,9,0
86,Jaydev Unadkat,SRH,2016,1,0,0,0,0.00,0,0.00,0,0,0,0,0,0
86,Jaydev Unadkat,SRH,2015,1,0,0,0,0.00,0,0.00,0,0,0,0,0,0
86,Jaydev Unadkat,SRH,2014,9,1,1,1*,1.00,6,16.66,0,0,0,0,0,0
86,Jaydev Unadkat,SRH,2013,13,2,2,1,0.00,2,100.00,0,0,0,0,1,0
86,Jaydev Unadkat,SRH,2012,1,0,0,0,0.00,0,0.00,0,0,0,0,0,0
86,Jaydev Unadkat,SRH,2011,7,0,0,0,0.00,0,0.00,0,0,0,0,2,0
86,Jaydev Unadkat,SRH,2010,3,0,0,0,0.00,0,0.00,0,0,0,0,1,0
3831,T Natarajan,SRH,Career,57,3,3,3*,3.00,5,60.00,0,0,0,0,9,0
3831,T Natarajan,SRH,2024,10,0,0,0,-,,-,0,0,0,0,2,0
3831,T Natarajan,SRH,2023,12,0,0,0,-,,-,0,0,0,0,3,0
3831,T Natarajan,SRH,2022,11,0,0,0,-,,-,0,0,0,0,1,0
3831,T Natarajan,SRH,2021,2,0,0,0,0.00,0,0.00,0,0,0,0,0,0
3831,T Natarajan,SRH,2020,16,3,3,3*,0.00,5,60.00,0,0,0,0,3,0
3831,T Natarajan,SRH,2017,6,0,0,0,0.00,0,0.00,0,0,0,0,0,0
15154,Umran Malik,SRH,Career,26,4,23,19*,11.50,16,143.75,0,0,1,2,6,0
15154,Umran Malik,SRH,2024,1,0,0,0,-,,-,0,0,0,0,0,0
15154,Umran Malik,SRH,2023,8,1,19,19*,19.00,8,237.50,0,0,1,2,1,0
15154,Umran Malik,SRH,2022,14,3,4,3*,4.00,8,50.00,0,0,0,0,5,0
15154,Umran Malik,SRH,2021,3,0,0,0,0.00,0,0.00,0,0,0,0,0,0
4951,Mayank Markande,SRH,Career,37,8,48,18*,16.00,42,114.29,0,0,5,1,8,0
4951,Mayank Markande,SRH,2024,7,0,0,0,-,,-,0,0,0,0,2,0
4951,Mayank Markande,SRH,2023,10,3,21,18*,-,13,161.54,0,0,2,1,1,0
4951,Mayank Markande,SRH,2022,2,0,0,0,-,,-,0,0,0,0,2,0
4951,Mayank Markande,SRH,2021,1,0,0,0,0.00,0,0.00,0,0,0,0,0,0
4951,Mayank Markande,SRH,2019,3,1,6,6,6.00,5,120.00,0,0,1,0,0,0
4951,Mayank Markande,SRH,2018,14,4,21,7*,10.50,24,87.50,0,0,2,0,3,0
20708,Jhathavedh Subramanyan,SRH,-,-,-,-,-,-,-,-,-,-,-,-,-,-
20728,Vijayakanth Viyaskanth,SRH,Career,1,0,0,0,-,,-,0,0,0,0,0,0
20728,Vijayakanth Viyaskanth,SRH,2024,1,0,0,0,-,,-,0,0,0,0,0,0
